,ID,Label,Alt Label 1,Alt Label 2,Definition,Definition Source,RDF Type,Parent IRI,Parent IRI,Parent IRI,Parent IRI,Parent IRI,Parent IRI,Parent IRI,Equivalent,Equivalent,Equivalent,Disjoint Classes,Individual,Property Assertions,Super Property,Domain,Range,Characteristic
,ID,A rdfs:label,A http://www.w3.org/2004/02/skos/core#altLabel,A http://www.w3.org/2004/02/skos/core#altLabel,A IAO:0000115,A IAO:0000119,TYPE,SC %,SC %,SC %,SC %,SC %,SC %,SC %,EC %,EC %,EC %,DC %,TI %,I 'hasTechnique',SP %,DOMAIN,RANGE,CHARACTERISTIC SPLIT=|
,,,,,,,,,,,,,,,,,,,,,,,,
ID number,,,,,,,,,,,,,,,,,,,,,,,,
1,http://purl.org/pan-science/PaNET/PaNET00001,photon and neutron technique,,,"A technique in the domain of neutron, muon and accelerator-based light sources",,owl:Class,owl:Thing,,,,,,,,,,,,,,,,
,,,,,,,,,,,,,,,,,,,,,,,,
2,http://purl.org/pan-science/PaNET/PaNET00002,defined by experimental probe,,,A technique defined by its experimental probe type,,owl:Class,,,,,,,,('definedbyprobe' some 'probe'),,,,,,,,,
3,http://purl.org/pan-science/PaNET/PaNET00003,defined by experimental physical process,,,A technique defined by a physical process,,owl:Class,,,,,,,,('definedbyprocess' some 'process'),,,,,,,,,
4,http://purl.org/pan-science/PaNET/PaNET00004,defined by functional dependence,,,A technique defined by its functional dependence,,owl:Class,,,,,,,,('definedbydependence' some 'functional dependence'),,,,,,,,,
5,http://purl.org/pan-science/PaNET/PaNET00005,defined by purpose,,,A technique defined by its goal or purpose,,owl:Class,,,,,,,,('supports' some 'purpose'),,,,,,,,,
6,http://purl.org/pan-science/PaNET/PaNET00006,defined by beam characteristic,,,A technique defined by its beam characteristic,,owl:Class,,,,,,,,('definedbycharacteristic' some 'beam characteristic'),,,,,,,,,
,,,,,,,,,,,,,,,,,,,,,,,,
100,http://purl.org/pan-science/PaNET/PaNET00100,photon probe-based techniques,,,"A technique using photons, which are elementary particles that are quanta of the electromagnetic field. Photons cover (list sorted by increasing wavelength): gamma radiation, x radiation, UV light, visible light, infrared light, microwaves, radiowaves and long radio waves. The different types are characterized by wavelength (nm), frequency (GHz), or energy (eV).",https://en.wikipedia.org/wiki/Photon,owl:Class,,,,,,,,('definedbyprobe' some 'photon'),,,,,,,,,
101,http://purl.org/pan-science/PaNET/PaNET00101,neutron probe-based techniques,,,,,owl:Class,,,,,,,,('definedbyprobe' some 'neutron'),,,,,,,,,
102,http://purl.org/pan-science/PaNET/PaNET00102,muon probe-based techniques,,,,,owl:Class,,,,,,,,('definedbyprobe' some 'muon'),,,,,,,,,
103,http://purl.org/pan-science/PaNET/PaNET00103,solid probe-based techniques,,,,,owl:Class,,,,,,,,('definedbyprobe' some PaNET:PaNET2011003),,,,,,,,,
107,http://purl.org/pan-science/PaNET/PaNET00107,positron probe-based techniques,,,"A technique using positrons, which are the antiparticles of electrons.",,owl:Class,,,,,,,,('definedbyprobe' some 'positron'),,,,,,,,,
,,,,,,,,,,,,,,,,,,,,,,,,
104,http://purl.org/pan-science/PaNET/PaNET00104,scanning probe-based techniques,,,,,owl:Class,,,,,,,,('definedbycharacteristic' some PaNET:PaNET2011004),,,,,,,,,
105,http://purl.org/pan-science/PaNET/PaNET00105,pulsed probe-based techniques,,,A technique for which a pulsed probe is essential,,owl:Class,,,,,,,,('definedbycharacteristic' some PaNET:PaNET2011005),,,,,,,,,
106,http://purl.org/pan-science/PaNET/PaNET00106,microfocused probe-based techniques,,,using a beam with dimensions in the micrometre range;may or may not result in a map (2D); see obtain high resolution map,,owl:Class,,,,,,,,('definedbycharacteristic' some PaNET:PaNET2011006),,,,,,,,,
,,,,,,,,,,,,,,,,,,,,,,,,
200,http://purl.org/pan-science/PaNET/PaNET00200,scattering-based techniques,,,Any phenomenon where a particle of the same type as the probe is emitted,,owl:Class,,,,,,,,('definedbyprocess' some 'scattering'),,,,,,,,,
201,http://purl.org/pan-science/PaNET/PaNET00201,emission-based techniques,,,Independent of probe; classed also as scattering if the probe and emitted particles are of the same type; disjoint with elastic scattering,,owl:Class,,,,,,,,('definedbyprocess' some 'emission'),,,,,,,,,
202,http://purl.org/pan-science/PaNET/PaNET00202,absorption-based techniques,,,,,owl:Class,,,,,,,,('definedbyprocess' some 'absorption'),,,,,,,,,
203,http://purl.org/pan-science/PaNET/PaNET00203,propagation-based techniques,forward scattering technique,,,,owl:Class,,,,,,,,('definedbyprocess' some 'propagation'),,,,,,,,,
204,http://purl.org/pan-science/PaNET/PaNET00204,refraction-based techniques,,,,https://en.wikipedia.org/wiki/Refraction,owl:Class,,,,,,,,('definedbyprocess' some 'refraction'),,,,,,,,,
205,http://purl.org/pan-science/PaNET/PaNET00205,reflection-based techniques,,,,https://en.wikipedia.org/wiki/Reflection_(physics),owl:Class,,,,,,,,('definedbyprocess' some 'reflection'),,,,,,,,,
206,http://purl.org/pan-science/PaNET/PaNET00206,resonance phenomenon-based techniques,,,,,owl:Class,,,,,,,,('definedbyprocess' some 'resonance phenomenon'),,,,,,,,,
207,http://purl.org/pan-science/PaNET/PaNET00207,magnetism-based techniques,,,,,owl:Class,,,,,,,,('supports' some 'magnetism study'),,,,,,,,,
208,http://purl.org/pan-science/PaNET/PaNET00208,dispersive-based techniques,,,,,owl:Class,,,,,,,,('definedbyprocess' some 'dispersion'),,,,,,,,,
209,http://purl.org/pan-science/PaNET/PaNET00209,interferometry-based techniques,,,,,owl:Class,,,,,,,,('definedbyprocess' some 'interferometry'),,,,,,,,,
210,http://purl.org/pan-science/PaNET/PaNET00210,force measurement-based techniques,,,,,owl:Class,,,,,,,,('definedbyprocess' some PaNET:PaNET2012009),,,,,,,,,
211,http://purl.org/pan-science/PaNET/PaNET00211,nonlinear interaction-based techniques,,,,,owl:Class,,,,,,,,('definedbyprocess' some PaNET:PaNET2012010),,,,,,,,,
,,,,,,,,,,,,,,,,,,,,,,,,
300,http://purl.org/pan-science/PaNET/PaNET00300,versus energy-based techniques,,,,,owl:Class,,,,,,,,('definedbydependence' some 'energy'),,,,,,,,,
301,http://purl.org/pan-science/PaNET/PaNET00301,versus momentum transfer-based techniques,,,,,owl:Class,,,,,,,,('definedbydependence' some 'momentum transfer'),,,,,,,,,
302,http://purl.org/pan-science/PaNET/PaNET00302,versus polarization-based techniques,,,,,owl:Class,,,,,,,,('definedbydependence' some 'polarization'),,,,,,,,,
303,http://purl.org/pan-science/PaNET/PaNET00303,versus position-based techniques,,,,,owl:Class,,,,,,,,('definedbydependence' some 'position'),,,,,,,,,
304,http://purl.org/pan-science/PaNET/PaNET00304,versus time-based techniques,,,,,owl:Class,,,,,,,,('definedbydependence' some 'time'),,,,,,,,,
305,http://purl.org/pan-science/PaNET/PaNET00305,versus emission mass-based techniques,,,,,owl:Class,,,,,,,,('definedbydependence' some 'emission mass'),,,,,,,,,
306,http://purl.org/pan-science/PaNET/PaNET00306,versus sample state-based techniques,,,,,owl:Class,,,,,,,,('definedbydependence' some 'sample state'),,,,,,,,,
,,,,,,,,,,,,,,,,,,,,,,,,
400,http://purl.org/pan-science/PaNET/PaNET00400,obtain atomic structure-based techniques,,,,,owl:Class,,,,,,,,('supports' some PaNET:PaNET2014000),,,,,,,,,
401,http://purl.org/pan-science/PaNET/PaNET00401,obtain spatial map-based techniques,,,,,owl:Class,,,,,,,,('supports' some PaNET:PaNET2014001),,,,,,,,,
402,http://purl.org/pan-science/PaNET/PaNET00402,obtain electronic ground state properties-based techniques,,,,,owl:Class,,,,,,,,('supports' some PaNET:PaNET2014002),,,,,,,,,
403,http://purl.org/pan-science/PaNET/PaNET00403,obtain dynamics-based techniques,,,,,owl:Class,,,,,,,,('supports' some PaNET:PaNET2014003),,,,,,,,,
404,http://purl.org/pan-science/PaNET/PaNET00404,therapy-based techniques,,,,,owl:Class,,,,,,,,('supports' some PaNET:PaNET2014004),,,,,,,,,
405,http://purl.org/pan-science/PaNET/PaNET00405,drug fragment binding-based techniques,,,,,owl:Class,,,,,,,,('supports' some PaNET:PaNET2014005),,,,,,,,,
406,http://purl.org/pan-science/PaNET/PaNET00406,obtain internal field-based techniques,,,,,owl:Class,,,,,,,,('supports' some PaNET:PaNET2014006),,,,,,,,,
407,http://purl.org/pan-science/PaNET/PaNET00407,characterize excitations-based techniques,,,,,owl:Class,,,,,,,,('supports' some PaNET:PaNET2014007),,,,,,,,,
408,http://purl.org/pan-science/PaNET/PaNET00408,manufacturing-based techniques,,,,,owl:Class,,,,,,,,('supports' some 'manufacturing'),,,,,,,,,
409,http://purl.org/pan-science/PaNET/PaNET00409,testing-based techniques,,,,,owl:Class,,,,,,,,('supports' some PaNET:PaNET2014009),,,,,,,,,
410,http://purl.org/pan-science/PaNET/PaNET00410,medical application-based techniques,,,,,owl:Class,,,,,,,,('supports' some PaNET:PaNET2014010),,,,,,,,,
411,http://purl.org/pan-science/PaNET/PaNET00411,chiral determination-based techniques,,,,,owl:Class,,,,,,,,('supports' some PaNET:PaNET2014011),,,,,,,,,
,,,,,,,,,,,,,,,,,,,,,,,,
,,,,,,,,,,,,,,,,,,,,,,,,
1000,http://purl.org/pan-science/PaNET/PaNET01000,time of flight-based techniques,TOF,,,,owl:Class,PaNET:PaNET00105,,,,,,,,,,,,,,,,
1001,http://purl.org/pan-science/PaNET/PaNET01001,neutron time of flight-based techniques,,,,,owl:Class,,,,,,,,('definedbyprobe' some 'neutron'),time of flight-based techniques,,,,,,,,
1002,http://purl.org/pan-science/PaNET/PaNET01002,ultrafast probe-based techniques,femtosecond probe,,,,owl:Class,,,,,,,,('definedbyprobe' some PaNET:PaNET2020000),,,,,,,,,
1003,http://purl.org/pan-science/PaNET/PaNET01003,single shot-based techniques,,,,,owl:Class,PaNET:PaNET00105,,,,,,,,,,,,,,,,
1004,http://purl.org/pan-science/PaNET/PaNET01004,nanofocused probe-based techniques,,,using a beam with dimensions in the nanometre range;may or may not result in a map (2D); see obtain ultra high resolution map,,owl:Class,,,,,,,,('definedbyprobe' some PaNET:PaNET2020001),,,,,,,,,
1005,http://purl.org/pan-science/PaNET/PaNET01005,IR photon probe-based techniques,infrared photon probe technique,,a technique using photons in the infrared range: 750 nm - 3e6 nm (1.7 eV - 0.0004 eV; 400 THz - 0.1 THz),https://en.wikipedia.org/wiki/Infrared,owl:Class,,,,,,,,('definedbyprobe' some 'IR photon'),,,,,,,,,
1006,http://purl.org/pan-science/PaNET/PaNET01006,THz photon probe-based techniques,terahertz photon probe technique,,a technique using photons in the THz range: 3e4 nm - 3e6 nm (0.04 eV - 0.0004 eV; 10 THz - 0.1 THz),https://en.wikipedia.org/wiki/Terahertz_radiation,owl:Class,,,,,,,,('definedbyprobe' some 'THz photon'),,,,,,,,,
1007,http://purl.org/pan-science/PaNET/PaNET01007,UV visible photon probe-based techniques,ultra violet and visible photon probe technique,UV vis photon probe technique,a technique using photons in the ultraviolet and visible range: 10 nm - 750 nm (120 eV - 1.7 eV; 3e4 THz - 400 THz),,owl:Class,,,,,,,,('definedbyprobe' some 'UV visible photon'),,,,,,,,,
1008,http://purl.org/pan-science/PaNET/PaNET01008,visible photon probe-based techniques,,,a technique using photons in the visible range: 400 nm - 750 nm (3 eV eV - 1.7 eV; 750 THz - 400 THz),https://en.wikipedia.org/wiki/Light,owl:Class,,,,,,,,('definedbyprobe' some 'visible photon'),,,,,,,,,
1009,http://purl.org/pan-science/PaNET/PaNET01009,UV photon probe-based techniques,ultra violet photon probe technique,,a technique using photons in the ultraviolet range: wavelengths between 10 nm - 400 nm (120 eV - 3 eV; 3e4 THz - 750 THz); between visible light and x-rays,https://en.wikipedia.org/wiki/Ultraviolet,owl:Class,,,,,,,,('definedbyprobe' some 'UV photon'),,,,,,,,,
1010,http://purl.org/pan-science/PaNET/PaNET01010,VUV photon probe-based techniques,vacuum ultra violet photon probe technique,,a technique using photons in low ultraviolet range that is strongly absorbed by oxygen in air and therefore require vacuum; range: 10 nm - 200 nm (120 eV - 6 eV; 3e4 THz - 1500 THz),https://en.wikipedia.org/wiki/Ultraviolet,owl:Class,,,,,,,,('definedbyprobe' some 'VUV photon'),,,,,,,,,
1011,http://purl.org/pan-science/PaNET/PaNET01011,EUV photon probe-based techniques,extreme ultra violet photon probe technique,XUV technique,a technique using photons in the extreme ultraviolet range: 10 nm - 121 nm (120 eV - 10 eV; 3e4 THz - 2500 THz),https://en.wikipedia.org/wiki/Extreme_ultraviolet,owl:Class,,,,,,,,('definedbyprobe' some 'EUV photon'),,,,,,,,,
1012,http://purl.org/pan-science/PaNET/PaNET01012,x-ray probe-based techniques,Röntgen technique,,a technique using photons in the x-ray range: 0.01 nm - 10 nm (1.2e5 eV - 120 eV; 3e7 THz - 3e4 THz),https://en.wikipedia.org/wiki/X-ray,owl:Class,,,,,,,,('definedbyprobe' some 'x-ray'),,,,,,,,,
1013,http://purl.org/pan-science/PaNET/PaNET01013,hard x-ray probe-based techniques,,,"a technique using x-ray photons in the high energetic region, e.g. above sulphur K edge (2472 eV), a crystal monochromator is required (approx. 2100 eV)",,owl:Class,,,,,,,,('definedbyprobe' some 'hard x-ray'),,,,,,,,,
1014,http://purl.org/pan-science/PaNET/PaNET01014,tender x-ray probe-based techniques,,,"a technique using x-ray photons between hard and soft x-rays, approx. at sulphur K edge (2472 eV), boundary between using a DCM and a grating mono",,owl:Class,,,,,,,,('definedbyprobe' some 'tender x-ray'),,,,,,,,,
1015,http://purl.org/pan-science/PaNET/PaNET01015,soft x-ray probe-based techniques,,,"a technique using x-ray photons in the low energetic region, e.g. below the sulphur K edge (2472 eV), a grating monochromator is required (approx. 2100 eV)",,owl:Class,,,,,,,,('definedbyprobe' some 'soft x-ray'),,,,,,,,,
1016,http://purl.org/pan-science/PaNET/PaNET01016,thermal neutron probe-based techniques,,,,https://en.wikipedia.org/wiki/Neutron_temperature#Thermal,owl:Class,,,,,,,,('definedbyprobe' some 'thermal neutron beam'),,,,,,,,,
1017,http://purl.org/pan-science/PaNET/PaNET01017,cold neutron probe-based techniques,,,,,owl:Class,,,,,,,,('definedbyprobe' some 'cold neutron beam'),,,,,,,,,
1018,http://purl.org/pan-science/PaNET/PaNET01018,monochromatic neutron probe-based techniques,,,,,owl:Class,,,,,,,,('definedbyprobe' some 'monochromatic neutron beam'),,,,,,,,,
1019,http://purl.org/pan-science/PaNET/PaNET01019,pulsed neutron TOF probe-based techniques,pulsed neutron time of flight probe,,,,owl:Class,neutron probe-based techniques,PaNET:PaNET00105,,,,,,,,,,,,,,,
1020,http://purl.org/pan-science/PaNET/PaNET01020,elastic scattering-based techniques,,,,https://en.wikipedia.org/wiki/Elastic_scattering,owl:Class,,,,,,,,('definedbyprocess' some PaNET:PaNET2020016),,,,,,,,,
1021,http://purl.org/pan-science/PaNET/PaNET01021,diffuse scattering-based techniques,,,,,owl:Class,,,,,,,,('definedbyprocess' some PaNET:PaNET2020017),,,,,,,,,
1022,http://purl.org/pan-science/PaNET/PaNET01022,diffraction-based techniques,,,,https://en.wikipedia.org/wiki/Diffraction,owl:Class,,,,,,,,('definedbyprocess' some PaNET:PaNET2020018),,,,,,,,,
1022,http://purl.org/pan-science/PaNET/PaNET01022,diffraction-based techniques,,,,,,,,,,,,,,https://www.wikidata.org/wiki/Q133900,,,,,,,,
1023,http://purl.org/pan-science/PaNET/PaNET01023,dynamical diffraction-based techniques,,,,https://en.wikipedia.org/wiki/Dynamical_theory_of_diffraction,owl:Class,,,,,,,,('definedbyprocess' some PaNET:PaNET2020019),,,,,,,,,
1024,http://purl.org/pan-science/PaNET/PaNET01024,coherent diffraction-based techniques,,,Probe is highly coherent over illuminated sample,,owl:Class,,,,,,,,('definedbyprocess' some PaNET:PaNET2020020),,,,,,,,,
1025,http://purl.org/pan-science/PaNET/PaNET01025,reference beam-based techniques,,,e.g. holography,https://en.wikipedia.org/wiki/Reference_beam,owl:Class,,,,,,,,('definedbyprocess' some PaNET:PaNET2020021),,,,,,,,,
1026,http://purl.org/pan-science/PaNET/PaNET01026,atomic scale diffraction-based techniques,,,essential diffracting structure(s),,owl:Class,PaNET:PaNET01022,,,,,,,,,,,,,,,,
1027,http://purl.org/pan-science/PaNET/PaNET01027,atomic scale diffraction 3D volume-based techniques,,,,,owl:Class,atomic scale diffraction-based techniques,,,,,,,,,,,,,,,,
1028,http://purl.org/pan-science/PaNET/PaNET01028,atomic scale diffraction 3D volume 3D periodic-based techniques,,,,,owl:Class,atomic scale diffraction 3D volume-based techniques,,,,,,,,,,,,,,,,
1029,http://purl.org/pan-science/PaNET/PaNET01029,single crystal diffraction-based techniques,,,,,owl:Class,atomic scale diffraction 3D volume 3D periodic-based techniques,,,,,,,,,,,,,,,,
1030,http://purl.org/pan-science/PaNET/PaNET01030,powder diffraction-based techniques,,,,https://en.wikipedia.org/wiki/Powder_diffraction,owl:Class,atomic scale diffraction 3D volume 3D periodic-based techniques,,,,,,,,,,,,,,,,
1031,http://purl.org/pan-science/PaNET/PaNET01031,atomic scale diffraction 2D surface or film-based techniques,,,,,owl:Class,atomic scale diffraction-based techniques,,,,,,,,,,,,,,,,
1032,http://purl.org/pan-science/PaNET/PaNET01032,microfocus diffraction-based techniques,micro scale diffraction,,diffraction using a microfocused beam,,owl:Class,PaNET:PaNET01022,PaNET:PaNET00106,,,,,,,,,,,,,,,
1033,http://purl.org/pan-science/PaNET/PaNET01033,incoherent scattering-based techniques,,,,https://en.wikipedia.org/wiki/Incoherent_scatter,owl:Class,,,,,,,,('definedbyprocess' some PaNET:PaNET2020022),,,,,,,,,
1034,http://purl.org/pan-science/PaNET/PaNET01034,inelastic scattering-based techniques,,,,https://en.wikipedia.org/wiki/Inelastic_scattering,owl:Class,,,,,,,,('definedbyprocess' some PaNET:PaNET2020023),,,PaNET:PaNET01020,,,,,,
1035,http://purl.org/pan-science/PaNET/PaNET01035,quasielastic scattering-based techniques,,,,https://en.wikipedia.org/wiki/Quasielastic_neutron_scattering,owl:Class,,,,,,,,('definedbyprocess' some PaNET:PaNET2020024),,,,,,,,,
1036,http://purl.org/pan-science/PaNET/PaNET01036,high momentum transfer scattering-based techniques,,,,,owl:Class,,,,,,,,('definedbyprocess' some PaNET:PaNET2020025),,,,,,,,,
1037,http://purl.org/pan-science/PaNET/PaNET01037,low momentum transfer scattering-based techniques,,,,,owl:Class,,,,,,,,('definedbyprocess' some PaNET:PaNET2020026),,,,,,,,,
1038,http://purl.org/pan-science/PaNET/PaNET01038,ultra low momentum transfer scattering-based techniques,,,,,owl:Class,,,,,,,,('definedbyprocess' some PaNET:PaNET2020027),,,,,,,,,
1039,http://purl.org/pan-science/PaNET/PaNET01039,low surface momentum transfer scattering-based techniques,,,,,owl:Class,,,,,,,,('definedbyprocess' some PaNET:PaNET2020028),,,,,,,,,
1040,http://purl.org/pan-science/PaNET/PaNET01040,high momentum transfer resolution scattering-based techniques,,,,,owl:Class,scattering-based techniques,,,,,,,,,,,,,,,,
1041,http://purl.org/pan-science/PaNET/PaNET01041,coherent emission-based techniques,,,,,owl:Class,,,,,,,,('definedbyprocess' some 'coherent emission'),,,,,,,,,
1042,http://purl.org/pan-science/PaNET/PaNET01042,high energy resolution emission-based techniques,,,,,owl:Class,emission-based techniques,,,,,,,,,,,,,,,,
1043,http://purl.org/pan-science/PaNET/PaNET01043,photon emission-based techniques,,,,,owl:Class,,,,,,,,('definedbyprocess' some 'photon emission'),,,,,,,,,
1044,http://purl.org/pan-science/PaNET/PaNET01044,visible photon emission-based techniques,,,,,owl:Class,,,,,,,,('definedbyprocess' some 'visible photon emission'),,,,,,,,,
1045,http://purl.org/pan-science/PaNET/PaNET01045,x-ray emission-based techniques,,,,,owl:Class,,,,,,,,('definedbyprocess' some 'x-ray emission'),,,,,,,,,
1046,http://purl.org/pan-science/PaNET/PaNET01046,gamma-ray emission-based techniques,,,,,owl:Class,,,,,,,,('definedbyprocess' some 'gamma-ray emission'),,,,,,,,,
1047,http://purl.org/pan-science/PaNET/PaNET01047,electron emission-based techniques,,,,https://en.wikipedia.org/wiki/Electron_emission,owl:Class,,,,,,,,('definedbyprocess' some 'electron emission'),,,,,,,,,
1048,http://purl.org/pan-science/PaNET/PaNET01048,ion emission-based techniques,,,,,owl:Class,,,,,,,,('definedbyprocess' some 'ion emission'),,,,,,,,,
1049,http://purl.org/pan-science/PaNET/PaNET01049,resonant scattering-based techniques,anomalous scattering,,,,owl:Class,PaNET:PaNET00206,scattering-based techniques,,,,,,,,,,,,,,,
1050,http://purl.org/pan-science/PaNET/PaNET01050,nuclear resonance-based techniques,,,,,owl:Class,,,,,,,,('definedbyprocess' some PaNET:PaNET2020036),,,,,,,,,
1051,http://purl.org/pan-science/PaNET/PaNET01051,muon spin resonance-based techniques,MuSR,,,https://en.wikipedia.org/wiki/Muon_spin_spectroscopy,owl:Class,,,,,,,,('definedbyprocess' some PaNET:PaNET2020037),,,,,,,,,
1052,http://purl.org/pan-science/PaNET/PaNET01052,spin echo-based techniques,,,,https://en.wikipedia.org/wiki/Spin_echo,owl:Class,,,,,,,,('definedbyprocess' some 'spin echo'),,,,,,,,,
1053,http://purl.org/pan-science/PaNET/PaNET01053,electronic excitation-based techniques,,,,,owl:Class,,,,,,,,('definedbyprocess' some PaNET:PaNET2020039),,,,,,,,,
1054,http://purl.org/pan-science/PaNET/PaNET01054,atomic core excitation-based techniques,,,,,owl:Class,,,,,,,,('definedbyprocess' some PaNET:PaNET2020040),,,,,,,,,
1055,http://purl.org/pan-science/PaNET/PaNET01055,photo excitation-based techniques,,,,,owl:Class,,,,,,,,('definedbyprocess' some PaNET:PaNET2020041),,,,,,,,,
1056,http://purl.org/pan-science/PaNET/PaNET01056,versus incident energy-based techniques,,,,,owl:Class,,,,,,,,('definedbydependence' some 'incident energy'),,,,,,,,,
1057,http://purl.org/pan-science/PaNET/PaNET01057,versus emitted energy-based techniques,,,,,owl:Class,,,,,,,,('definedbydependence' some 'emitted energy'),,,,,,,,,
1058,http://purl.org/pan-science/PaNET/PaNET01058,versus emission momentum-based techniques,,,,,owl:Class,,,,,,,,('definedbydependence' some 'emission momentum'),,,,,,,,,
1059,http://purl.org/pan-science/PaNET/PaNET01059,versus energy loss-based techniques,,,,,owl:Class,,,,,,,,('definedbydependence' some 'energy loss'),,,,,,,,,
1060,http://purl.org/pan-science/PaNET/PaNET01060,versus emitted polarization-based techniques,,,,,owl:Class,,,,,,,,('definedbydependence' some 'emitted polarization'),,,,,,,,,
1061,http://purl.org/pan-science/PaNET/PaNET01061,versus photon linear polarization-based techniques,,,,,owl:Class,versus polarization-based techniques,photon probe-based techniques,,,,,,,,,,,,,,,
1062,http://purl.org/pan-science/PaNET/PaNET01062,versus photon circular polarization-based techniques,,,,,owl:Class,versus polarization-based techniques,photon probe-based techniques,,,,,,,,,,,,,,,
1063,http://purl.org/pan-science/PaNET/PaNET01063,versus time ultrafast-based techniques,,,,,owl:Class,versus time-based techniques,,,,,,,,,,,,,,,,
1064,http://purl.org/pan-science/PaNET/PaNET01064,versus sample temperature-based techniques,,,,,owl:Class,,,,,,,,('definedbydependence' some 'sample temperature'),,,,,,,,,
1065,http://purl.org/pan-science/PaNET/PaNET01065,versus sample pressure-based techniques,,,,,owl:Class,,,,,,,,('definedbydependence' some 'sample pressure'),,,,,,,,,
1066,http://purl.org/pan-science/PaNET/PaNET01066,versus sample magnetic field-based techniques,,,,,owl:Class,,,,,,,,('definedbydependence' some 'sample magnetic field'),,,,,,,,,
1067,http://purl.org/pan-science/PaNET/PaNET01067,versus sample electric field-based techniques,,,,,owl:Class,,,,,,,,('definedbydependence' some 'sample electric field'),,,,,,,,,
1068,http://purl.org/pan-science/PaNET/PaNET01068,obtain high resolution spatial map-based techniques,,,creating a map with micrometre resolution; may or may not originate from a microfocused beam,,owl:Class,,,,,,,,('supports' some PaNET:PaNET2020051),,,,,,,,,
1069,http://purl.org/pan-science/PaNET/PaNET01069,microscopy-based techniques,,,,https://en.wikipedia.org/wiki/Microscopy,owl:Class,PaNET:PaNET01068,PaNET:PaNET01106,,,,,,,,,,,,,,,
1070,http://purl.org/pan-science/PaNET/PaNET01070,obtain ultrahigh resolution spatial map-based techniques,,,creating a map with nanometre resolution; may or may not originate from a nanofocused beam,,owl:Class,PaNET:PaNET01068,microscopy-based techniques,,,,,,,,,,,,,,,
1071,http://purl.org/pan-science/PaNET/PaNET01071,obtain 3D spatial map-based techniques,,,,,owl:Class,,,,,,,,('supports' some PaNET:PaNET2020052),,,,,,,,,
1072,http://purl.org/pan-science/PaNET/PaNET01072,obtain electronic density of states-based techniques,,,,https://en.wikipedia.org/wiki/Density_of_states,owl:Class,,,,,,,,('supports' some PaNET:PaNET2020053),,,,,,,,,
1073,http://purl.org/pan-science/PaNET/PaNET01073,obtain electronic density of occupied states-based techniques,,,,,owl:Class,,,,,,,,('supports' some PaNET:PaNET2020054),,,,,,,,,
1074,http://purl.org/pan-science/PaNET/PaNET01074,obtain electronic density of unoccupied states-based techniques,,,,,owl:Class,,,,,,,,('supports' some PaNET:PaNET2020055),,,,,,,,,
1075,http://purl.org/pan-science/PaNET/PaNET01075,obtain electronic band structure-based techniques,,,,https://en.wikipedia.org/wiki/Electronic_band_structure,owl:Class,,,,,,,,('supports' some PaNET:PaNET2020056),,,,,,,,,
1076,http://purl.org/pan-science/PaNET/PaNET01076,obtain atomic tensor properties-based techniques,,,,,owl:Class,,,,,,,,('supports' some PaNET:PaNET2020057),,,,,,,,,
1077,http://purl.org/pan-science/PaNET/PaNET01077,obtain magnetic vector-based techniques,,,,,owl:Class,,,,,,,,('supports' some PaNET:PaNET2020058),,,,,,,,,
1078,http://purl.org/pan-science/PaNET/PaNET01078,obtain charge quadrupole-based techniques,,,,,owl:Class,,,,,,,,('supports' some PaNET:PaNET2020059),,,,,,,,,
1079,http://purl.org/pan-science/PaNET/PaNET01079,obtain atomic magnetic structure-based techniques,,,,https://en.wikipedia.org/wiki/Magnetic_structure,owl:Class,,,,,,,,('supports' some PaNET:PaNET2020060),,,,,,,,,
1080,http://purl.org/pan-science/PaNET/PaNET01080,obtain charge density-based techniques,,,,,owl:Class,,,,,,,,('supports' some PaNET:PaNET2020061),,,,,,,,,
1081,http://purl.org/pan-science/PaNET/PaNET01081,obtain magnetic density-based techniques,,,,,owl:Class,,,,,,,,('supports' some PaNET:PaNET2020062),,,,,,,,,
1082,http://purl.org/pan-science/PaNET/PaNET01082,crystallography-based techniques,obtain crystal structure,,,https://en.wikipedia.org/wiki/Crystallography,owl:Class,,,,,,,,('supports' some 'crystallographic study'),,,,,,,,,
1083,http://purl.org/pan-science/PaNET/PaNET01083,obtain local coordination-based techniques,,,,https://en.wikipedia.org/wiki/Crystal_structure#Atomic_coordination,owl:Class,,,,,,,,('supports' some PaNET:PaNET2020064),,,,,,,,,
1084,http://purl.org/pan-science/PaNET/PaNET01084,time dependent study-based techniques,time resolved study,,,,owl:Class,versus time-based techniques,,,,,,,,,,,,,,,,
1085,http://purl.org/pan-science/PaNET/PaNET01085,characterize electronic excitations-based techniques,,,,,owl:Class,,,,,,,,('supports' some PaNET:PaNET2020065),,,,,,,,,
1086,http://purl.org/pan-science/PaNET/PaNET01086,characterize magnetic excitations-based techniques,,,,,owl:Class,,,,,,,,('supports' some PaNET:PaNET2020066),,,,,,,,,
1087,http://purl.org/pan-science/PaNET/PaNET01087,characterize lattice excitations-based techniques,,,,,owl:Class,,,,,,,,('supports' some PaNET:PaNET2020067),,,,,,,,,
1088,http://purl.org/pan-science/PaNET/PaNET01088,absorption contrast imaging-based techniques,,,Absorption Contrast Imaging,,owl:Class,,,,,,,,absorption-based techniques,PaNET:PaNET01106,,,,,,,,
1089,http://purl.org/pan-science/PaNET/PaNET01089,angle resolved photoemission spectroscopy,ARPES,,Angle resolved photoemission spectroscopy,https://en.wikipedia.org/wiki/Angle-resolved_photoemission_spectroscopy,owl:Class,,,,,,,,photoelectron emission,versus emission momentum-based techniques,PaNET:PaNET01075,,,,,,,
1090,http://purl.org/pan-science/PaNET/PaNET01090,dichroism-based techniques,,,Any technique that depends essentially on probe polarization,,owl:Class,versus polarization-based techniques,photon probe-based techniques,,,,,,,,,,,,,,,
1091,http://purl.org/pan-science/PaNET/PaNET01091,dichroism spectroscopy-based techniques,,,,,owl:Class,,,,,,,,dichroism-based techniques,spectroscopy-based techniques,,,,,,,,
1092,http://purl.org/pan-science/PaNET/PaNET01092,emission spectroscopy-based techniques,,,,,owl:Class,,,,,,,,emission-based techniques,versus emitted energy-based techniques,,,,,,,,
1093,http://purl.org/pan-science/PaNET/PaNET01093,photoemission spectroscopy,,,,https://en.wikipedia.org/wiki/Photoemission_spectroscopy,owl:Class,,,,,,,,emission spectroscopy-based techniques,photoelectron emission,,,,,,,,
1094,http://purl.org/pan-science/PaNET/PaNET01094,fluorescence luminescence-based techniques,,,,,owl:Class,,,,,,,,('definedbyprocess' some PaNET:PaNET2020068),,,,,,,,,
1095,http://purl.org/pan-science/PaNET/PaNET01095,x-ray fluorescence spectroscopy,,,,,owl:Class,,,,,,,,x-ray probe-based techniques,x-ray emission-based techniques,versus incident energy-based techniques,,,,,,,
1096,http://purl.org/pan-science/PaNET/PaNET01096,fluorescence tomography-based techniques,,,,,owl:Class,,,,,,,,photon emission-based techniques,tomography-based techniques,,,,,,,,
1097,http://purl.org/pan-science/PaNET/PaNET01097,gamma spectroscopy-based techniques,,,,https://en.wikipedia.org/wiki/Gamma_spectroscopy,owl:Class,,,,,,,,gamma-ray emission-based techniques,spectroscopy-based techniques,,,,,,,,
1098,http://purl.org/pan-science/PaNET/PaNET01098,grazing incidence diffraction-based techniques,,,,https://en.wikipedia.org/wiki/Grazing_incidence_diffraction,owl:Class,,,,,,,,('definedbyprocess' some PaNET:PaNET2020069),,,,,,,,,
1099,http://purl.org/pan-science/PaNET/PaNET01099,grazing incidence small angle scattering-based techniques,GISAS,grazing incidence SAS,,https://en.wikipedia.org/wiki/Grazing-incidence_small-angle_scattering,owl:Class,,,,,,,,PaNET:PaNET01098,PaNET:PaNET01124,,,,,,,,
1100,http://purl.org/pan-science/PaNET/PaNET01100,neutron powder diffraction,NPD,,A neutron powder diffraction technique,,owl:Class,,,,,,,,powder diffraction-based techniques,neutron diffraction,,,,,,,,
1101,http://purl.org/pan-science/PaNET/PaNET01101,x-ray powder diffraction,XPD,,,,owl:Class,,,,,,,,powder diffraction-based techniques,x-ray probe-based techniques,,,,,,,,
1102,http://purl.org/pan-science/PaNET/PaNET01102,x-ray single crystal diffraction,single crystal x-ray diffraction,SXRD,,,owl:Class,,,,,,,,x-ray probe-based techniques,single crystal diffraction-based techniques,,,,,,,,
1103,http://purl.org/pan-science/PaNET/PaNET01103,hard x-ray photoelectron spectroscopy,HAXPES,hard photoelectron spectroscopy,,,owl:Class,,,,,,,,hard x-ray probe-based techniques,photoelectron spectroscopy,,,,,,,,
1104,http://purl.org/pan-science/PaNET/PaNET01104,high resolution photoelectron spectroscopy,,,,,owl:Class,,,,,,,,spectroscopy-based techniques,photoelectron emission,('versus emitted energy-based techniques' and 'high energy resolution emission-based techniques'),,,,,,,
1105,http://purl.org/pan-science/PaNET/PaNET01105,holography-based techniques,,,,https://en.wikipedia.org/wiki/Holography,owl:Class,PaNET:PaNET01025,PaNET:PaNET01106,diffraction imaging-based techniques,,,,,,,,,,,,,,
1106,http://purl.org/pan-science/PaNET/PaNET01106,imaging-based techniques,,,,,owl:Class,,,,,,,,PaNET:PaNET00401,,,,,,,,,
1107,http://purl.org/pan-science/PaNET/PaNET01107,inelastic small angle scattering-based techniques,inelastic SAS,,,,owl:Class,,,,,,,,PaNET:PaNET01034,PaNET:PaNET01124,,,,,,,,
1108,http://purl.org/pan-science/PaNET/PaNET01108,inelastic scattering spectroscopy-based techniques,,,,,owl:Class,,,,,,,,PaNET:PaNET01034,versus energy loss-based techniques,,,,,,,,
1109,http://purl.org/pan-science/PaNET/PaNET01109,infrared spectroscopy-based techniques,IR spectroscopy,,,https://en.wikipedia.org/wiki/Infrared_spectroscopy,owl:Class,,,,,,,,IR photon probe-based techniques,spectroscopy-based techniques,,,,,,,,
1110,http://purl.org/pan-science/PaNET/PaNET01110,infrared microspectroscopy-based techniques,,,,,owl:Class,,,,,,,,infrared spectroscopy-based techniques,microscopy-based techniques,,,,,,,,
1111,http://purl.org/pan-science/PaNET/PaNET01111,luminescence-based techniques,,,,https://en.wikipedia.org/wiki/Luminescence,owl:Class,,,,,,,,('definedbyprocess' some PaNET:PaNET2020071),,,,,,,,,
1112,http://purl.org/pan-science/PaNET/PaNET01112,fluorescence imaging-based techniques,,,,,owl:Class,,,,,,,,photon emission-based techniques,PaNET:PaNET01106,,,,,,,,
1113,http://purl.org/pan-science/PaNET/PaNET01113,fluorescence microscopy-based techniques,microfluorescence,Micro XRF,,,owl:Class,,,,,,,,fluorescence imaging-based techniques,microscopy-based techniques,,,,,,,,
1114,http://purl.org/pan-science/PaNET/PaNET01114,muon spectroscopy,,,,https://en.wikipedia.org/wiki/Muon_spin_spectroscopy,owl:Class,muon probe-based techniques,PaNET:PaNET01051,versus time-based techniques,PaNET:PaNET00406,,,,,,,,,,,,,
1115,http://purl.org/pan-science/PaNET/PaNET01115,optical spectroscopy-based techniques,,,,,owl:Class,,,,,,,,visible photon probe-based techniques,versus energy-based techniques,,,,,,,,
1116,http://purl.org/pan-science/PaNET/PaNET01116,phase contrast imaging-based techniques,,,,https://en.wikipedia.org/wiki/Phase-contrast_imaging,owl:Class,,,,,,,,refraction-based techniques,PaNET:PaNET01106,,,,,,,,
1117,http://purl.org/pan-science/PaNET/PaNET01117,photon correlation spectroscopy-based techniques,PCS,,,https://en.wikipedia.org/wiki/Dynamic_light_scattering,owl:Class,,,,,,,,PaNET:PaNET01024,versus momentum transfer-based techniques,versus time-based techniques,,,,,,,
1118,http://purl.org/pan-science/PaNET/PaNET01118,polarised reflectivity-based techniques,,,,,owl:Class,,,,,,,,reflection-based techniques,versus momentum transfer-based techniques,versus polarization-based techniques,,,,,,,
1119,http://purl.org/pan-science/PaNET/PaNET01119,spin echo scattering,,,,,owl:Class,,,,,,,,neutron probe-based techniques,spin echo-based techniques,,,,,,,,
1120,http://purl.org/pan-science/PaNET/PaNET01120,quasielastic neutron spin echo scattering,quasi elastic spin echo,quasielastic spin echo,,,owl:Class,,,,,,,,spin echo scattering,PaNET:PaNET01035,,,,,,,,
1121,http://purl.org/pan-science/PaNET/PaNET01121,reflectometry-based techniques,reflectivity,,,https://en.wikipedia.org/wiki/Reflectometry,owl:Class,,,,,,,,reflection-based techniques,versus momentum transfer-based techniques,,,,,,,,
1122,http://purl.org/pan-science/PaNET/PaNET01122,resonant diffraction-based techniques,,anomalous diffraction,,,owl:Class,,,,,,,,PaNET:PaNET01022,PaNET:PaNET01054,resonant scattering-based techniques,,,,,,,
1123,http://purl.org/pan-science/PaNET/PaNET01123,scanning transmission microscopy,STM,,,,owl:Class,,,,,,,,absorption-based techniques,versus position-based techniques,(PaNET:PaNET00104 and 'microscopy-based techniques'),,,,,,,
1124,http://purl.org/pan-science/PaNET/PaNET01124,small angle scattering-based techniques,SAS,small angle diffraction,,https://en.wikipedia.org/wiki/Small-angle_scattering,owl:Class,,,,,,,,('definedbyprocess' some PaNET:PaNET2020072),,,,,,,,,
1125,http://purl.org/pan-science/PaNET/PaNET01125,spectroscopy-based techniques,,,,https://en.wikipedia.org/wiki/Spectroscopy,owl:Class,versus energy-based techniques,,,,,,,,,,,,,,,,
1126,http://purl.org/pan-science/PaNET/PaNET01126,spin echo resolved grazing incidence scattering,,,,,owl:Class,,,,,,,,spin echo scattering,PaNET:PaNET01039,,,,,,,,
1127,http://purl.org/pan-science/PaNET/PaNET01127,spin echo small angle scattering,spin echo SANS,,,,owl:Class,,,,,,,,spin echo scattering,PaNET:PaNET01124,,,,,,,,
1128,http://purl.org/pan-science/PaNET/PaNET01128,surface diffraction-based techniques,,,,,owl:Class,atomic scale diffraction 2D surface or film-based techniques,,,,,,,,,,,,,,,,
1129,http://purl.org/pan-science/PaNET/PaNET01129,tomography-based techniques,,,,https://en.wikipedia.org/wiki/Tomography,owl:Class,PaNET:PaNET01071,,,,,,,,,,,,,,,,
1130,http://purl.org/pan-science/PaNET/PaNET01130,UV VUV spectroscopy-based techniques,ultra violet and vacuum ultra violet spectroscopy,,,,owl:Class,,,,,,,,UV photon probe-based techniques,spectroscopy-based techniques,,,,,,,,
1131,http://purl.org/pan-science/PaNET/PaNET01131,UV and visible circular dichroism spectroscopy-based techniques,ultra violet and visible circular dichroism spectroscopy,,,,owl:Class,,,,,,,,UV visible photon probe-based techniques,dichroism spectroscopy-based techniques,,,,,,,,
1132,http://purl.org/pan-science/PaNET/PaNET01132,UV circular dichroism-based techniques,UVCD,ultra violet circular dichroism,,,owl:Class,,,,,,,,circular dichroism-based techniques,UV photon probe-based techniques,,,,,,,,
1133,http://purl.org/pan-science/PaNET/PaNET01133,ultra small angle scattering-based techniques,USAS,,,,owl:Class,,,,,,,,PaNET:PaNET01038,PaNET:PaNET01124,,,,,,,,
1134,http://purl.org/pan-science/PaNET/PaNET01134,wide angle scattering-based techniques,,,,,owl:Class,,,,,,,,('definedbyprocess' some PaNET:PaNET2020073),,,,,,,,,
1135,http://purl.org/pan-science/PaNET/PaNET01135,absorption spectroscopy-based techniques,,,,,owl:Class,,,,,,,,absorption-based techniques,spectroscopy-based techniques,,,,,,,,
1136,http://purl.org/pan-science/PaNET/PaNET01136,diffraction imaging-based techniques,topography,,,,owl:Class,,,,,,,,PaNET:PaNET01022,PaNET:PaNET01106,,,,,,,,
1137,http://purl.org/pan-science/PaNET/PaNET01137,x-ray magnetic circular dichroism,XMCD,,,https://en.wikipedia.org/wiki/X-ray_magnetic_circular_dichroism,owl:Class,,,,,,,,x-ray probe-based techniques,versus photon circular polarization-based techniques,('absorption-based techniques' and 'magnetism-based techniques' and 'dichroism-based techniques'),,,,,,,
1138,http://purl.org/pan-science/PaNET/PaNET01138,linear dichroism,LD,,,https://en.wikipedia.org/wiki/Linear_dichroism,owl:Class,,,,,,,,absorption-based techniques,versus photon linear polarization-based techniques,dichroism-based techniques,,,,,,,
1139,http://purl.org/pan-science/PaNET/PaNET01139,natural linear dichroism,,,,,owl:Class,linear dichroism,,,,,,,,,,,,,,,,
1140,http://purl.org/pan-science/PaNET/PaNET01140,x-ray excited optical luminescence,XEOL,,,,owl:Class,,,,,,,,x-ray probe-based techniques,visible photon emission-based techniques,,,,,,,,
1141,http://purl.org/pan-science/PaNET/PaNET01141,magnetic circular dichroism,MCD,,,https://en.wikipedia.org/wiki/Magnetic_circular_dichroism,owl:Class,,,,,,,,photon probe-based techniques,versus photon circular polarization-based techniques,('magnetism-based techniques' and 'absorption-based techniques' and 'dichroism-based techniques'),,,,,,,
1142,http://purl.org/pan-science/PaNET/PaNET01142,magnetic linear dichroism,,,,,owl:Class,,,,,,,,photon probe-based techniques,versus photon linear polarization-based techniques,('magnetism-based techniques' and 'absorption-based techniques'),,,,,,,
1143,http://purl.org/pan-science/PaNET/PaNET01143,magnetochiral dichroism-based techniques,MChD,,,,owl:Class,,,,,,,,photon probe-based techniques,versus polarization-based techniques,(PaNET:PaNET00411 and 'magnetism-based techniques' and 'dichroism-based techniques'),,,,,,,
1144,http://purl.org/pan-science/PaNET/PaNET01144,natural circular dichroism-based techniques,NCD,,,,owl:Class,,,,,,,,photon probe-based techniques,versus photon circular polarization-based techniques,(PaNET:PaNET00411 and 'dichroism-based techniques'),,,,,,,
1145,http://purl.org/pan-science/PaNET/PaNET01145,electron microscopy-based techniques,EM,,,https://en.wikipedia.org/wiki/Electron_microscope,owl:Class,,,,,,,,electron emission-based techniques,microscopy-based techniques,,,,,,,,
1146,http://purl.org/pan-science/PaNET/PaNET01146,photoemission electron microscopy,PEEM,photoelectron emission microscopy,,https://en.wikipedia.org/wiki/Photoemission_electron_microscopy,owl:Class,,,,,,,,photon probe-based techniques,electron microscopy-based techniques,,,,,,,,
1147,http://purl.org/pan-science/PaNET/PaNET01147,scanning probe imaging-based techniques,,,,,owl:Class,,,,,,,,versus position-based techniques,PaNET:PaNET00104,PaNET:PaNET01106,,,,,,,
1148,http://purl.org/pan-science/PaNET/PaNET01148,scanning probe microscopy-based techniques,scanning microscopy,,,,owl:Class,,,,,,,,scanning probe imaging-based techniques,microscopy-based techniques,,,,,,,,
1149,http://purl.org/pan-science/PaNET/PaNET01149,x-ray reflectivity,XRR,x-ray reflectometry,,https://en.wikipedia.org/wiki/X-ray_reflectivity,owl:Class,,,,,,,,x-ray probe-based techniques,reflectometry-based techniques,,,,,,,,
1150,http://purl.org/pan-science/PaNET/PaNET01150,grating interferometry-based techniques,,,,,owl:Class,interferometry-based techniques,refraction-based techniques,propagation-based techniques,,,,,,,,,,,,,,
1151,http://purl.org/pan-science/PaNET/PaNET01151,absorption tomography-based techniques,,,,,owl:Class,,,,,,,,tomography-based techniques,absorption-based techniques,,,,,,,,
1152,http://purl.org/pan-science/PaNET/PaNET01152,propagation phase contrast tomography-based techniques,,,,,owl:Class,,,,,,,,propagation-based techniques,tomography-based techniques,refraction-based techniques,,,,,,,
1153,http://purl.org/pan-science/PaNET/PaNET01153,ultrafast tomography-based techniques,,,,,owl:Class,,,,,,,,tomography-based techniques,versus time ultrafast-based techniques,,,,,,,,
1154,http://purl.org/pan-science/PaNET/PaNET01154,nanotomography-based techniques,,,,https://en.wikipedia.org/wiki/Nanotomography,owl:Class,,,,,,,,tomography-based techniques,obtain ultrahigh resolution spatial map-based techniques,,,,,,,,
1155,http://purl.org/pan-science/PaNET/PaNET01155,absorption and phase contrast nanotomography-based techniques,,,,,owl:Class,,,,,,,,nanotomography-based techniques,absorption-based techniques,refraction-based techniques,,,,,,,
1156,http://purl.org/pan-science/PaNET/PaNET01156,x-ray spectroscopy-based techniques,,,,https://en.wikipedia.org/wiki/X-ray_spectroscopy,owl:Class,,,,,,,,spectroscopy-based techniques,x-ray probe-based techniques,,,,,,,,
1157,http://purl.org/pan-science/PaNET/PaNET01157,in-situ diffraction-based techniques,,,,,owl:Class,PaNET:PaNET01022,,,,,,,,,,,,,,,,
1158,http://purl.org/pan-science/PaNET/PaNET01158,in-situ surface diffraction-based techniques,,,,,owl:Class,,,,,,,,surface diffraction-based techniques,in-situ diffraction-based techniques,,,,,,,,
1159,http://purl.org/pan-science/PaNET/PaNET01159,energy dispersive diffraction-based techniques,EDD,,,,owl:Class,PaNET:PaNET01022,dispersive-based techniques,,,,,,,,,,,,,,,
1160,http://purl.org/pan-science/PaNET/PaNET01160,energy dispersive x-ray diffraction,EDXRD,,,https://en.wikipedia.org/wiki/Energy-dispersive_X-ray_diffraction,owl:Class,,,,,,,,energy dispersive diffraction-based techniques,x-ray probe-based techniques,,,,,,,,
1161,http://purl.org/pan-science/PaNET/PaNET01161,grazing incidence x-ray diffraction,GIXD,,,,owl:Class,,,,,,,,PaNET:PaNET01098,x-ray probe-based techniques,,,,,,,,
1162,http://purl.org/pan-science/PaNET/PaNET01162,grazing incidence small angle x-ray scattering,GISAXS,,,https://en.wikipedia.org/wiki/Grazing-incidence_small-angle_scattering,owl:Class,,,,,,,,grazing incidence small angle scattering-based techniques,small angle x-ray scattering,,,,,,,,
1163,http://purl.org/pan-science/PaNET/PaNET01163,high pressure single crystal diffraction-based techniques,,,,,owl:Class,single crystal diffraction-based techniques,versus sample pressure-based techniques,,,,,,,,,,,,,,,
1164,http://purl.org/pan-science/PaNET/PaNET01164,macromolecular crystallography-based techniques,MX,protein crystallography,,,owl:Class,single crystal diffraction-based techniques,crystallography-based techniques,,,,,,,,,,,,,,,
1165,http://purl.org/pan-science/PaNET/PaNET01165,multi wavelength anomalous diffraction,MAD,multi wavelength anomalous dispersion,,https://en.wikipedia.org/wiki/Multi-wavelength_anomalous_dispersion,owl:Class,macromolecular crystallography-based techniques,versus energy-based techniques,PaNET:PaNET01054,x-ray probe-based techniques,,,,,,,,,,,,,
1166,http://purl.org/pan-science/PaNET/PaNET01166,photo crystallography-based techniques,,,,,owl:Class,,,,,,,,single crystal diffraction-based techniques,PaNET:PaNET01055,crystallography-based techniques,,,,,,,
1167,http://purl.org/pan-science/PaNET/PaNET01167,photoelectron diffraction,PhD,,,,owl:Class,,,,,,,,electron emission-based techniques,coherent emission-based techniques,photon probe-based techniques,,,,,,,
1168,http://purl.org/pan-science/PaNET/PaNET01168,serial femtosecond crystallography,SFX,,,https://en.wikipedia.org/wiki/Serial_femtosecond_crystallography,owl:Class,,,,,,,,x-ray single crystal diffraction,PaNET:PaNET01002,('crystallography-based techniques' and 'single shot-based techniques'),,,,,,,
1169,http://purl.org/pan-science/PaNET/PaNET01169,serial synchrotron crystallography,SSX,,,,owl:Class,,,,,,,,x-ray single crystal diffraction,PaNET:PaNET00105,('crystallography-based techniques' and 'single shot-based techniques'),,,,,,,
1170,http://purl.org/pan-science/PaNET/PaNET01170,single wavelength anomalous diffraction,SAD,single wavelength anomalous dispersion,,https://en.wikipedia.org/wiki/Single-wavelength_anomalous_dispersion,owl:Class,macromolecular crystallography-based techniques,PaNET:PaNET01054,x-ray probe-based techniques,,,,,,,,,,,,,,
1171,http://purl.org/pan-science/PaNET/PaNET01171,small molecule diffraction-based techniques,small molecule crystallography,chemical crystallography,,,owl:Class,single crystal diffraction-based techniques,,,,,,,,,,,,,,,,
1172,http://purl.org/pan-science/PaNET/PaNET01172,surface x-ray diffraction,,,,,owl:Class,surface diffraction-based techniques,x-ray probe-based techniques,,,,,,surface diffraction-based techniques,x-ray probe-based techniques,,,,,,,,
1173,http://purl.org/pan-science/PaNET/PaNET01173,x-ray standing wave,XSW,,,https://en.wikipedia.org/wiki/X-ray_standing_waves,owl:Class,PaNET:PaNET01023,absorption-based techniques,x-ray probe-based techniques,PaNET:PaNET00400,,,,,,,,,,,,,
1174,http://purl.org/pan-science/PaNET/PaNET01174,coherent diffraction imaging-based techniques,CDI,coherent diffractive imaging,,https://en.wikipedia.org/wiki/Coherent_diffraction_imaging,owl:Class,,,,,,,,PaNET:PaNET01024,PaNET:PaNET01106,,,,,,,,
1175,http://purl.org/pan-science/PaNET/PaNET01175,infrared nanospectroscopy imaging-based techniques,nano infrared spectroscopy,,,,owl:Class,,,,,,,,IR photon probe-based techniques,spectroscopy-based techniques,obtain ultrahigh resolution spatial map-based techniques,,,,,,,
1176,http://purl.org/pan-science/PaNET/PaNET01176,UV circular dichroism imaging-based techniques,ultra violet circular dichroism imaging,,,,owl:Class,,,,,,,,natural circular dichroism-based techniques,UV photon probe-based techniques,PaNET:PaNET00401,,,,,,,
1177,http://purl.org/pan-science/PaNET/PaNET01177,x-ray fluorescence-based techniques,XRF,,,https://en.wikipedia.org/wiki/X-ray_fluorescence,owl:Class,,,,,,,,('definedbyprocess' some PaNET:PaNET2020074),,,,,,,,,
1178,http://purl.org/pan-science/PaNET/PaNET01178,infrared microscopy-based techniques,IR microscopy,,,https://en.wikipedia.org/wiki/Microscopy#Infrared_microscopy,owl:Class,,,,,,,,IR photon probe-based techniques,microscopy-based techniques,,,,,,,,
1179,http://purl.org/pan-science/PaNET/PaNET01179,optical microscopy-based techniques,,,,https://en.wikipedia.org/wiki/Optical_microscope,owl:Class,,,,,,,,visible photon probe-based techniques,microscopy-based techniques,,,,,,,,
1180,http://purl.org/pan-science/PaNET/PaNET01180,x-ray microscopy-based techniques,,,,https://en.wikipedia.org/wiki/X-ray_microscope,owl:Class,,,,,,,,x-ray probe-based techniques,microscopy-based techniques,,,,,,,,
1181,http://purl.org/pan-science/PaNET/PaNET01181,pair distribution function-based techniques,PDF,,,https://en.wikipedia.org/wiki/Pair_distribution_function,owl:Class,,,,,,,,PaNET:PaNET01022,PaNET:PaNET01083,,,,,,,,
1182,http://purl.org/pan-science/PaNET/PaNET01182,inelastic x-ray scattering,IXS,,,https://en.wikipedia.org/wiki/X-ray_scattering_techniques#Inelastic_X-ray_scattering_(IXS),owl:Class,,,,,,,,PaNET:PaNET01034,x-ray probe-based techniques,,,,,,,,
1183,http://purl.org/pan-science/PaNET/PaNET01183,resonant inelastic x-ray scattering,RIXS,,,https://en.wikipedia.org/wiki/Resonant_inelastic_X-ray_scattering,owl:Class,,,,,,,,inelastic x-ray scattering,PaNET:PaNET01054,resonant scattering-based techniques,,,,,,,
1184,http://purl.org/pan-science/PaNET/PaNET01184,x-ray scattering,,,,,owl:Class,,,,,,,,scattering-based techniques,x-ray probe-based techniques,,,,,,,,
1185,http://purl.org/pan-science/PaNET/PaNET01185,light scattering,,,,,owl:Class,,,,,,,,scattering-based techniques,visible photon probe-based techniques,,,,,,,,
1186,http://purl.org/pan-science/PaNET/PaNET01186,resonant x-ray scattering,RXS,,,,owl:Class,,,,,,,,x-ray scattering,PaNET:PaNET01054,resonant scattering-based techniques,,,,,,,
1187,http://purl.org/pan-science/PaNET/PaNET01187,resonant soft x-ray scattering,RSXS,,,,owl:Class,,,,,,,,soft x-ray probe-based techniques,resonant x-ray scattering,resonant scattering-based techniques,,,,,,,
1188,http://purl.org/pan-science/PaNET/PaNET01188,small angle x-ray scattering,SAXS,,,https://en.wikipedia.org/wiki/Small-angle_X-ray_scattering,owl:Class,,,,,,,,PaNET:PaNET01124,x-ray probe-based techniques,,,,,,,,
1189,http://purl.org/pan-science/PaNET/PaNET01189,small angle neutron scattering,SANS,,,https://en.wikipedia.org/wiki/Small-angle_neutron_scattering,owl:Class,,,,,,,,PaNET:PaNET01124,neutron diffraction,,,,,,,,
1190,http://purl.org/pan-science/PaNET/PaNET01190,total scattering-based techniques,,,,,owl:Class,,,,,,,,atomic scale diffraction-based techniques,pair distribution function-based techniques,,,,,,,,
1191,http://purl.org/pan-science/PaNET/PaNET01191,wide angle x-ray scattering,WAXS,,,,owl:Class,,,,,,,,PaNET:PaNET01036,x-ray probe-based techniques,atomic scale diffraction-based techniques,,,,,,,
1192,http://purl.org/pan-science/PaNET/PaNET01192,circular dichroism-based techniques,CD,,,https://en.wikipedia.org/wiki/Circular_dichroism,owl:Class,,,,,,,,versus photon circular polarization-based techniques,dichroism-based techniques,,,,,,,,
1193,http://purl.org/pan-science/PaNET/PaNET01193,energy dispersive x-ray spectroscopy,EDX,,,https://en.wikipedia.org/wiki/Energy-dispersive_X-ray_spectroscopy,owl:Class,,,,,,,,dispersive-based techniques,x-ray probe-based techniques,('spectroscopy-based techniques' and PaNET:PaNET01054),,,,,,,
1194,http://purl.org/pan-science/PaNET/PaNET01194,microfocus spectroscopy-based techniques,,,,,owl:Class,,,,,,,,PaNET:PaNET00106,spectroscopy-based techniques,,,,,,,,
1195,http://purl.org/pan-science/PaNET/PaNET01195,raman spectroscopy,,,,https://en.wikipedia.org/wiki/Raman_spectroscopy,owl:Class,PaNET:PaNET01034,photon probe-based techniques,,,,,,,,,,,,,,,
1196,http://purl.org/pan-science/PaNET/PaNET01196,x-ray absorption spectroscopy,XAS,,,https://en.wikipedia.org/wiki/X-ray_absorption_spectroscopy,owl:Class,,,,,,,,absorption spectroscopy-based techniques,x-ray absorption,PaNET:PaNET01054,,,,,,,
1197,http://purl.org/pan-science/PaNET/PaNET01197,x-ray absorption fine structure,XAFS,,,https://en.wikipedia.org/wiki/X-ray_absorption_fine_structure,owl:Class,x-ray absorption spectroscopy,,,,,,,,,,,,,,,,
1198,http://purl.org/pan-science/PaNET/PaNET01198,extended x-ray absorption fine structure,EXAFS,,,https://en.wikipedia.org/wiki/Extended_X-ray_absorption_fine_structure,owl:Class,,,,,,,,x-ray absorption fine structure,PaNET:PaNET01083,,,,,,,,
1199,http://purl.org/pan-science/PaNET/PaNET01199,x-ray absorption near edge structure,XANES,NEXAFS,,https://en.wikipedia.org/wiki/X-ray_absorption_near_edge_structure,owl:Class,,,,,,,,x-ray absorption fine structure,PaNET:PaNET00402,,,,,,,,
1200,http://purl.org/pan-science/PaNET/PaNET01200,x-ray emission spectroscopy,XES,,,https://en.wikipedia.org/wiki/X-ray_emission_spectroscopy,owl:Class,,,,,inelastic x-ray scattering,,,PaNET:PaNET01034,x-ray probe-based techniques,('photon emission-based techniques' and 'spectroscopy-based techniques'),,,,,,,
1201,http://purl.org/pan-science/PaNET/PaNET01201,electron spectroscopy-based techniques,,,,https://en.wikipedia.org/wiki/Electron_spectroscopy,owl:Class,,,,,,,,electron emission-based techniques,spectroscopy-based techniques,,,,,,,,
1202,http://purl.org/pan-science/PaNET/PaNET01202,photoelectron spectroscopy,PES,,,https://en.wikipedia.org/wiki/Photoemission_spectroscopy,owl:Class,,,,,,,,electron spectroscopy-based techniques,photon probe-based techniques,PaNET:PaNET01073,,,,,,,
1203,http://purl.org/pan-science/PaNET/PaNET01203,spin resolved photoelectron spectroscopy,,,,,owl:Class,,,,,,,,photoelectron spectroscopy,versus emitted polarization-based techniques,,,,,,,,
1204,http://purl.org/pan-science/PaNET/PaNET01204,x-ray photoelectron spectroscopy,XPS,,,https://en.wikipedia.org/wiki/X-ray_photoelectron_spectroscopy,owl:Class,,,,,,,,x-ray probe-based techniques,photoelectron spectroscopy,,,,,,,,
1205,http://purl.org/pan-science/PaNET/PaNET01205,x-ray photon correlation spectroscopy,XPCS,,,https://en.wikipedia.org/wiki/X-ray_Photon_Correlation_Spectroscopy,owl:Class,,,,,,,,x-ray probe-based techniques,photon correlation spectroscopy-based techniques,,,,,,,,
1206,http://purl.org/pan-science/PaNET/PaNET01206,microtomography-based techniques,,,,,owl:Class,,,,,,,,tomography-based techniques,PaNET:PaNET01068,,,,,,,,
1207,http://purl.org/pan-science/PaNET/PaNET01207,x-ray tomography-based techniques,CT scan,,,https://en.wikipedia.org/wiki/CT_scan,owl:Class,,,,,,,,tomography-based techniques,x-ray probe-based techniques,,,,,,,,
1208,http://purl.org/pan-science/PaNET/PaNET01208,x-ray microtomography-based techniques,,,,https://en.wikipedia.org/wiki/Talk:X-ray_microtomography,owl:Class,,,,,,,,microtomography-based techniques,x-ray probe-based techniques,,,,,,,,
1209,http://purl.org/pan-science/PaNET/PaNET01209,absorption microtomography-based techniques,Absorption-based tomographic microscopy,,,,owl:Class,,,,,,,,microtomography-based techniques,absorption-based techniques,,,,,,,,
1210,http://purl.org/pan-science/PaNET/PaNET01210,propagation phase contrast microtomography-based techniques,,,,,owl:Class,,,,,,,,propagation phase contrast tomography-based techniques,microscopy-based techniques,,,,,,,,
1211,http://purl.org/pan-science/PaNET/PaNET01211,ultrafast microtomography-based techniques,Ultra-fast tomographic microscopy,,,,owl:Class,,,,,,,,ultrafast tomography-based techniques,PaNET:PaNET01068,,,,,,,,
1212,http://purl.org/pan-science/PaNET/PaNET01212,ptychography,,,,https://en.wikipedia.org/wiki/Ptychography,owl:Class,coherent diffraction imaging-based techniques,PaNET:PaNET00104,,,,,,,,,,,,,,,
1213,http://purl.org/pan-science/PaNET/PaNET01213,ptychographic nanotomography,,,,,owl:Class,,,,,,,,ptychography,nanotomography-based techniques,,,,,,,,
1214,http://purl.org/pan-science/PaNET/PaNET01214,instrumentation testing-based techniques,,,,,owl:Class,,,,,,,,('supports' some PaNET:PaNET2020075),,,,,,,,,
1215,http://purl.org/pan-science/PaNET/PaNET01215,optics characterization-based techniques,,,,,owl:Class,,,,,,,,('supports' some PaNET:PaNET2020076),,,,,,,,,
1216,http://purl.org/pan-science/PaNET/PaNET01216,x-ray diffraction,XRD,,,,owl:Class,,,,,,,,PaNET:PaNET01022,x-ray probe-based techniques,,,,,,,,
1217,http://purl.org/pan-science/PaNET/PaNET01217,neutron diffraction,,,,https://en.wikipedia.org/wiki/Neutron_diffraction,owl:Class,,,,,,,,PaNET:PaNET01022,neutron probe-based techniques,,,,,,,,
1218,http://purl.org/pan-science/PaNET/PaNET01218,ambient pressure x-ray photoelectron spectroscopy,,,,,owl:Class,x-ray photoelectron spectroscopy,,,,,,,,,,,,,,,,
1219,http://purl.org/pan-science/PaNET/PaNET01219,scanning transmission x-ray microscopy,STXM,,,https://en.wikipedia.org/wiki/Scanning_transmission_X-ray_microscopy,owl:Class,,,,,,,,scanning transmission microscopy,x-ray probe-based techniques,,,,,,,,
1220,http://purl.org/pan-science/PaNET/PaNET01220,total electron yield-based techniques,TEY,,,,owl:Class,electron emission-based techniques,,,,,,,,,,,,,,,,
1221,http://purl.org/pan-science/PaNET/PaNET01221,XMCD total electron yield,XMCD TEY,x-ray magnetic circular dichorism total electron yield,,,owl:Class,,,,,,,,x-ray magnetic circular dichroism,total electron yield-based techniques,,,,,,,,
1222,http://purl.org/pan-science/PaNET/PaNET01222,spin and angle resolved photoemission spectroscopy,,,,,owl:Class,,,,,,,,angle resolved photoemission spectroscopy,versus emitted polarization-based techniques,,,,,,,,
1223,http://purl.org/pan-science/PaNET/PaNET01223,lithography-based techniques,,,,https://en.wikipedia.org/wiki/Lithography,owl:Class,,,,,,,,('supports' some PaNET:PaNET2020077),,,,,,,,,
1224,http://purl.org/pan-science/PaNET/PaNET01224,x-ray lithography-based techniques,,,,https://en.wikipedia.org/wiki/X-ray_lithography,owl:Class,,,,,,,,x-ray probe-based techniques,PaNET:PaNET01223,,,,,,,,
1225,http://purl.org/pan-science/PaNET/PaNET01225,EUV lithography-based techniques,extreme ultra violet lithography,,,,owl:Class,,,,,,,,EUV photon probe-based techniques,PaNET:PaNET01223,,,,,,,,
1226,http://purl.org/pan-science/PaNET/PaNET01226,x-ray interference lithography,,,,,owl:Class,interferometry-based techniques,x-ray probe-based techniques,PaNET:PaNET01223,,,,,,,,,,,,,,
1227,http://purl.org/pan-science/PaNET/PaNET01227,x-ray absorption,,,,,owl:Class,,,,,,,,absorption-based techniques,x-ray probe-based techniques,,,,,,,,
1228,http://purl.org/pan-science/PaNET/PaNET01228,nonresonant diffraction-based techniques,,,,,owl:Class,,,,,,,,('definedbyprocess' some PaNET:PaNET2020078),,,,,,,,,
1229,http://purl.org/pan-science/PaNET/PaNET01229,nonlinear x-ray spectroscopy,,,,,owl:Class,,,,,,,,PaNET:PaNET00211,x-ray spectroscopy-based techniques,,,,,,,,
1230,http://purl.org/pan-science/PaNET/PaNET01230,single-shot imaging-based techniques,,,,,owl:Class,,,,,,,,single shot-based techniques,PaNET:PaNET01106,,,,,,,,
1231,http://purl.org/pan-science/PaNET/PaNET01231,nanoimprint lithography-based techniques,,,,https://en.wikipedia.org/wiki/Nanoimprint_lithography,owl:Class,PaNET:PaNET01223,,,,,,,('supports' some PaNET:PaNET2020079),,,,,,,,,
1232,http://purl.org/pan-science/PaNET/PaNET01232,grayscale lithography-based techniques,,,,,owl:Class,PaNET:PaNET01223,,,,,,,('supports' some PaNET:PaNET2020080),,,,,,,,,
1233,http://purl.org/pan-science/PaNET/PaNET01233,polymer micro- and nanografting-based techniques,,,"create micro- or nanostructures by radiation-induced bond breaking in a polymer substrates, which initiates grafting via thermal decomposition of formed (hydro)peroxides in a controlled, degassed monomer environment (radiation grafting)",doi:10.1016/B978-0-323-35322-9.00002-4,owl:Class,manufacturing-based techniques,,,,,,,('supports' some PaNET:PaNET2020081),,,,,,,,,
1234,http://purl.org/pan-science/PaNET/PaNET01234,high resolution neutron powder diffraction,,,,,owl:Class,,,,,,,,neutron powder diffraction,high momentum transfer resolution scattering-based techniques,,,,,,,,
1235,http://purl.org/pan-science/PaNET/PaNET01235,high resolution thermal neutron powder diffraction,,,,,owl:Class,,,,,,,,high resolution neutron powder diffraction,thermal neutron probe-based techniques,,,,,,,,
1236,http://purl.org/pan-science/PaNET/PaNET01236,neutron single crystal diffraction,,,,,owl:Class,,,,,,,,single crystal diffraction-based techniques,neutron diffraction,,,,,,,,
1237,http://purl.org/pan-science/PaNET/PaNET01237,thermal neutron single crystal diffraction,,,,,owl:Class,,,,,,,,neutron single crystal diffraction,thermal neutron probe-based techniques,,,,,,,,
1238,http://purl.org/pan-science/PaNET/PaNET01238,pulse overlap diffraction,,,,,owl:Class,,,,,,,,x-ray photon correlation spectroscopy,PaNET:PaNET01002,,,,,,,,
1239,http://purl.org/pan-science/PaNET/PaNET01239,neutron reflectometry,neutron reflectivity,,,https://en.wikipedia.org/wiki/Neutron_reflectometry,owl:Class,,,,,,,,reflectometry-based techniques,neutron probe-based techniques,,,,,,,,
1240,http://purl.org/pan-science/PaNET/PaNET01240,ultra small angle neutron scattering,,,,,owl:Class,very small angle neutron scattering,,,,,,,ultra small angle scattering-based techniques,small angle neutron scattering,,,,,,,,
1241,http://purl.org/pan-science/PaNET/PaNET01241,ultra small angle x-ray scattering,USAXS,,,,owl:Class,,,,,,,,ultra small angle scattering-based techniques,x-ray probe-based techniques,,,,,,,,
1242,http://purl.org/pan-science/PaNET/PaNET01242,neutron scattering,,,,https://en.wikipedia.org/wiki/Neutron_scattering,owl:Class,,,,,,,,scattering-based techniques,neutron probe-based techniques,,,,,,,,
1243,http://purl.org/pan-science/PaNET/PaNET01243,polarized neutron reflectometry,polarized neutron reflectivity,,,,owl:Class,,,,,,,,neutron reflectometry,versus polarization-based techniques,,,,,,,,
1244,http://purl.org/pan-science/PaNET/PaNET01244,time of flight spectrometry-based techniques,TOF spectrometry,TOF spectroscopy,,,owl:Class,,,,,,,,spectroscopy-based techniques,neutron time of flight-based techniques,,,,,,,,
1245,http://purl.org/pan-science/PaNET/PaNET01245,inelastic neutron spectroscopy,inelastic neutron scattering spectroscopy,inelastic neutron scattering,,Neutron spectroscopy - Wikipedia,owl:Class,,,,,,,,PaNET:PaNET01034,neutron probe-based techniques,spectroscopy-based techniques,,,,,,,
1246,http://purl.org/pan-science/PaNET/PaNET01246,cold neutron spectroscopy,,,,,owl:Class,,,,,,,,inelastic neutron spectroscopy,cold neutron probe-based techniques,,,,,,,,
1247,http://purl.org/pan-science/PaNET/PaNET01247,thermal neutron spectroscopy,,,,,owl:Class,inelastic neutron spectroscopy,thermal neutron probe-based techniques,,,,,,,,,,,,,,,
1248,http://purl.org/pan-science/PaNET/PaNET01248,neutron transmission radiography,,,,,owl:Class,,,,,,,,neutron probe-based techniques,absorption-based techniques,PaNET:PaNET01106,,,,,,,
1249,http://purl.org/pan-science/PaNET/PaNET01249,cold neutron imaging-based techniques,,,,,owl:Class,,,,,,,,PaNET:PaNET01106,cold neutron probe-based techniques,,,,,,,,
1250,http://purl.org/pan-science/PaNET/PaNET01250,high resolution neutron imaging-based techniques,,,,,owl:Class,,,,,,,,PaNET:PaNET01106,PaNET:PaNET01068,neutron probe-based techniques,,,,,,,
1251,http://purl.org/pan-science/PaNET/PaNET01251,THz near field microscopy-based techniques,,,,,owl:Class,,,,,,,,THz photon probe-based techniques,microscopy-based techniques,PaNET:PaNET00104,,,,,,,
1252,http://purl.org/pan-science/PaNET/PaNET01252,magnetic scattering-based techniques,,,,,owl:Class,scattering-based techniques,magnetism-based techniques,,,,,,,,,,,,,,,
1253,http://purl.org/pan-science/PaNET/PaNET01253,magnetic diffraction-based techniques,,,,,owl:Class,,,,,,,,PaNET:PaNET01022,magnetic scattering-based techniques,,,,,,,,
1254,http://purl.org/pan-science/PaNET/PaNET01254,microfocus x-ray fluorescence,,,,,owl:Class,,,,,,,,PaNET:PaNET00106,x-ray emission-based techniques,,,,,,,,
1255,http://purl.org/pan-science/PaNET/PaNET01255,ellipsometry,,,,https://en.wikipedia.org/wiki/Ellipsometry,owl:Class,,,,,,,,versus emitted polarization-based techniques,reflection-based techniques,photon probe-based techniques,,,,,,,
1256,http://purl.org/pan-science/PaNET/PaNET01256,polarimetry-based techniques,,,,,owl:Class,versus emitted polarization-based techniques,,,,,,,,,,,,,,,,
1257,http://purl.org/pan-science/PaNET/PaNET01257,UV photoelectron emission,ultra violet photoelectron emission,,,,owl:Class,,,,,,,,UV photon probe-based techniques,photoelectron emission,,,,,,,,
1258,http://purl.org/pan-science/PaNET/PaNET01258,x-ray photoelectron emission,,,,,owl:Class,,,,,,,,x-ray probe-based techniques,photoelectron emission,,,,,,,,
1259,http://purl.org/pan-science/PaNET/PaNET01259,x-ray magnetic linear dichroism,XMLD,,,,owl:Class,,,,,,,,x-ray probe-based techniques,magnetic linear dichroism,,,,,,,,
1260,http://purl.org/pan-science/PaNET/PaNET01260,resonant elastic x-ray scattering,REXS,,,,owl:Class,,,,,,,,resonant x-ray scattering,PaNET:PaNET01020,resonant scattering-based techniques,,,,,,,
1261,http://purl.org/pan-science/PaNET/PaNET01261,x-ray refraction imaging,x-ray refraction radiography,,,,owl:Class,,,,,,,,x-ray probe-based techniques,refraction-based techniques,PaNET:PaNET01106,,,,,,,
1262,http://purl.org/pan-science/PaNET/PaNET01262,x-ray refraction tomography,,,,,owl:Class,,,,,,,,x-ray probe-based techniques,propagation phase contrast tomography-based techniques,,,,,,,,
1263,http://purl.org/pan-science/PaNET/PaNET01263,time dependent scattering-based techniques,time resolved scattering,,,,owl:Class,,,,,,,,time dependent study-based techniques,scattering-based techniques,,,,,,,,
1264,http://purl.org/pan-science/PaNET/PaNET01264,time dependent diffraction-based techniques,time resolved diffraction,,,,owl:Class,,,,,,,,time dependent scattering-based techniques,PaNET:PaNET01022,,,,,,,,
1265,http://purl.org/pan-science/PaNET/PaNET01265,time dependent absorption-based techniques,time resolved absorption,,,,owl:Class,,,,,,,,time dependent study-based techniques,absorption-based techniques,,,,,,,,
1266,http://purl.org/pan-science/PaNET/PaNET01266,x-ray holography,,,,,owl:Class,,,,,,,,holography-based techniques,x-ray probe-based techniques,,,,,,,,
1267,http://purl.org/pan-science/PaNET/PaNET01267,ion imaging,,,,,owl:Class,,,,,,,,ion emission-based techniques,photon probe-based techniques,versus emission momentum-based techniques,,,,,,,
1268,http://purl.org/pan-science/PaNET/PaNET01268,mass spectrometry,,,,https://en.wikipedia.org/wiki/Mass_spectrometry,owl:Class,versus emission mass-based techniques,,,,,,,,,,,,,,,,
1269,http://purl.org/pan-science/PaNET/PaNET01269,photoelectron emission,,,,https://en.wikipedia.org/wiki/Photoelectric_effect,owl:Class,,,,,,,,photon probe-based techniques,electron emission-based techniques,,,,,,,,
1270,http://purl.org/pan-science/PaNET/PaNET01270,nuclear resonant scattering-based techniques,,,,,owl:Class,,,,,,,,PaNET:PaNET01050,resonant scattering-based techniques,,,,,,,,
1271,http://purl.org/pan-science/PaNET/PaNET01271,microfocus x-ray scattering,,,,,owl:Class,,,,,,,,x-ray scattering,PaNET:PaNET00106,,,,,,,,
1272,http://purl.org/pan-science/PaNET/PaNET01272,nanofocus x-ray scattering,,,,,owl:Class,,,,,,,,microfocus x-ray scattering,PaNET:PaNET01004,,,,,,,,
1273,http://purl.org/pan-science/PaNET/PaNET01273,small angle inelastic scattering-based techniques,,,,,owl:Class,,,,,,,,PaNET:PaNET01034,PaNET:PaNET01124,,,,,,,,
1274,http://purl.org/pan-science/PaNET/PaNET01274,anomalous small angle x-ray scattering,ASAXS,,,,owl:Class,,,,,,,,resonant x-ray scattering,PaNET:PaNET01124,('x-ray probe-based techniques' and 'resonant elastic x-ray scattering'),,,,,,,
1275,http://purl.org/pan-science/PaNET/PaNET01275,anomalous solution x-ray scattering,ASAX,,,,owl:Class,anomalous small angle x-ray scattering,,,,,,,,,,,,,,,,
1276,http://purl.org/pan-science/PaNET/PaNET01276,grazing incidence small angle neutron scattering,GISANS,,,https://en.wikipedia.org/wiki/Grazing-incidence_small-angle_scattering,owl:Class,,,,,,,,grazing incidence small angle scattering-based techniques,small angle neutron scattering,,,,,,,,
1277,http://purl.org/pan-science/PaNET/PaNET01277,time of flight small angle neutron scattering,,,,,owl:Class,,,,,,,,small angle neutron scattering,time of flight-based techniques,,,,,,,,
1278,http://purl.org/pan-science/PaNET/PaNET01278,very small angle neutron scattering,VSANS,,,,owl:Class,small angle neutron scattering,,,,,,,,,,,,,,,,
1279,http://purl.org/pan-science/PaNET/PaNET01279,diffuse small angle scattering-based techniques,,,,,owl:Class,,,,,,,,PaNET:PaNET01124,PaNET:PaNET01021,,,,,,,,
1280,http://purl.org/pan-science/PaNET/PaNET01280,diffuse small angle x-ray scattering,,,,,owl:Class,,,,,,,,diffuse small angle scattering-based techniques,x-ray probe-based techniques,,,,,,,,
1281,http://purl.org/pan-science/PaNET/PaNET01281,inelastic x-ray small angle scattering,,,,,owl:Class,,,,,,,,small angle x-ray scattering,inelastic x-ray scattering,small angle inelastic scattering-based techniques,,,,,,,
1282,http://purl.org/pan-science/PaNET/PaNET01282,soft x-ray small angle scattering,,,,,owl:Class,,,,,,,,small angle x-ray scattering,soft x-ray probe-based techniques,,,,,,,,
1283,http://purl.org/pan-science/PaNET/PaNET01283,soft x-ray diffraction,,,,,owl:Class,,,,,,,,soft x-ray probe-based techniques,PaNET:PaNET01022,,,,,,,,
1284,http://purl.org/pan-science/PaNET/PaNET01284,x-ray photoelectron diffraction,,,,,owl:Class,,,,,,,,photoelectron diffraction,x-ray probe-based techniques,,,,,,,,
1285,http://purl.org/pan-science/PaNET/PaNET01285,x-ray imaging-based techniques,,,,https://en.wikipedia.org/wiki/Radiography,owl:Class,,,,,,,,PaNET:PaNET01106,x-ray probe-based techniques,,,,,,,,
1286,http://purl.org/pan-science/PaNET/PaNET01286,micro small angle x-ray scattering tomography,micro SAXS tomography,,,,owl:Class,microtomography-based techniques,small angle x-ray scattering,,,,,,,,,,,,,,,
1287,http://purl.org/pan-science/PaNET/PaNET01287,micro grazing incidence small angle x-ray scattering tomography,micro GISAXS tomography,,,,owl:Class,micro small angle x-ray scattering tomography,grazing incidence small angle x-ray scattering,,,,,,,,,,,,,,,
1288,http://purl.org/pan-science/PaNET/PaNET01288,scanning x-ray fluorescence,,,,,owl:Class,,,,,,,,PaNET:PaNET01177,scanning probe imaging-based techniques,,,,,,,,
1289,http://purl.org/pan-science/PaNET/PaNET01289,soft x-ray imaging-based techniques,,,,,owl:Class,,,,,,,,soft x-ray probe-based techniques,x-ray imaging-based techniques,,,,,,,,
1290,http://purl.org/pan-science/PaNET/PaNET01290,x-ray diffraction imaging,,,,,owl:Class,,,,,,,,diffraction imaging-based techniques,x-ray probe-based techniques,,,,,,,,
1291,http://purl.org/pan-science/PaNET/PaNET01291,scanning angle resolved photoemission spectromicroscopy,,,,,owl:Class,,,,,,,,angle resolved photoemission spectroscopy,scanning probe microscopy-based techniques,,,,,,,,
1292,http://purl.org/pan-science/PaNET/PaNET01292,nano angle resolved photoemission spectroscopy,nano ARPES,,,,owl:Class,,,,,,,,scanning angle resolved photoemission spectromicroscopy,PaNET:PaNET01004,,,,,,,,
1293,http://purl.org/pan-science/PaNET/PaNET01293,scanning photoelectron microscopy,,,,,owl:Class,,,,,,,,photoemission electron microscopy,PaNET:PaNET00104,,,,,,,,
1294,http://purl.org/pan-science/PaNET/PaNET01294,x-ray photoemission electron microscopy,,,,,owl:Class,,,,,,,,photoemission electron microscopy,x-ray probe-based techniques,,,,,,,,
1295,http://purl.org/pan-science/PaNET/PaNET01295,x-ray scanning microscopy-based techniques,scanning x-ray microscopy,,,,owl:Class,,,,,,,,x-ray microscopy-based techniques,PaNET:PaNET00104,,,,,,,,
1296,http://purl.org/pan-science/PaNET/PaNET01296,high resolution core-level photoemission spectroscopy,,,,,owl:Class,,,,,,,,high resolution photoelectron spectroscopy,PaNET:PaNET01054,,,,,,,,
1297,http://purl.org/pan-science/PaNET/PaNET01297,high resolution x-ray photoelectron spectroscopy,HR-XPS,,,,owl:Class,,,,,,,,x-ray photoelectron spectroscopy,high resolution photoelectron spectroscopy,,,,,,,,
1298,http://purl.org/pan-science/PaNET/PaNET01298,elastic neutron scattering spectroscopy,resolution elastic neutron scattering,RENS,,,owl:Class,,,,,,,,PaNET:PaNET01020,neutron probe-based techniques,('spectroscopy-based techniques' and PaNET:PaNET00403),,,,,,,
1299,http://purl.org/pan-science/PaNET/PaNET01299,high resolution inelastic neutron scattering,,,,,owl:Class,,,,,,,,inelastic neutron spectroscopy,high energy resolution emission-based techniques,,,,,,,,
1300,http://purl.org/pan-science/PaNET/PaNET01300,x-ray linear dichroism,,,,,owl:Class,,,,,,,,linear dichroism,x-ray probe-based techniques,,,,,,,,
1301,http://purl.org/pan-science/PaNET/PaNET01301,x-ray magnetochiral dichroism-based techniques,XMChiD,,,,owl:Class,,,,,,,,magnetochiral dichroism-based techniques,x-ray probe-based techniques,,,,,,,,
1302,http://purl.org/pan-science/PaNET/PaNET01302,x-ray natural circular dichroism-based techniques,XNCD,,,,owl:Class,,,,,,,,natural circular dichroism-based techniques,x-ray probe-based techniques,,,,,,,,
1303,http://purl.org/pan-science/PaNET/PaNET01303,x-ray natural linear dichroism,XNLD,,,,owl:Class,,,,,,,,natural linear dichroism,x-ray probe-based techniques,,,,,,,,
1304,http://purl.org/pan-science/PaNET/PaNET01304,fragment screening-based techniques,crystallographic fragment screening,,,https://en.wikipedia.org/wiki/Fragment-based_lead_discovery,owl:Class,,,,,,,,macromolecular crystallography-based techniques,PaNET:PaNET00405,,,,,,,,
1305,http://purl.org/pan-science/PaNET/PaNET01305,long wavelength crystallography,,,,,owl:Class,,,,,,,,macromolecular crystallography-based techniques,tender x-ray probe-based techniques,,,,,,,,
1306,http://purl.org/pan-science/PaNET/PaNET01306,microfocus macromolecular crystallography,microfocus MX,,,,owl:Class,,,,,,,,macromolecular crystallography-based techniques,microfocus x-ray scattering,,,,,,,,
1307,http://purl.org/pan-science/PaNET/PaNET01307,nanofocus macromolecular crystallography,nanofocus MX,,,,owl:Class,,,,,,,,macromolecular crystallography-based techniques,nanofocus x-ray scattering,,,,,,,,
1308,http://purl.org/pan-science/PaNET/PaNET01308,molecular replacement-based techniques,MR,,,https://en.wikipedia.org/wiki/Molecular_replacement,owl:Class,macromolecular crystallography-based techniques,,,,,,,,,,,,,,,,
1309,http://purl.org/pan-science/PaNET/PaNET01309,time resolved serial femtosecond crystallography,TR-SFX,,,,owl:Class,,,,,,,,serial femtosecond crystallography,time dependent diffraction-based techniques,,,,,,,,
1310,http://purl.org/pan-science/PaNET/PaNET01310,fixed target serial synchrotron crystallography,FT-SSX,,,,owl:Class,serial synchrotron crystallography,,,,,,,,,,,,,,,,
1311,http://purl.org/pan-science/PaNET/PaNET01311,lipidic cubic phase serial synchrotron crystallography,LCP-SSX,,,,owl:Class,serial synchrotron crystallography,macromolecular crystallography-based techniques,,,,,,,,,,,,,,,
1312,http://purl.org/pan-science/PaNET/PaNET01312,time resolved serial synchrotron crystallography,TR-SSX,,,,owl:Class,,,,,,,,serial synchrotron crystallography,time dependent diffraction-based techniques,,,,,,,,
1313,http://purl.org/pan-science/PaNET/PaNET01313,magnetic x-ray tomography-based techniques,,,,,owl:Class,,,,,,,,magnetism-based techniques,x-ray tomography-based techniques,,,,,,,,
1314,http://purl.org/pan-science/PaNET/PaNET01314,correlative light x-ray microscopy-based techniques,CLXM,,,,owl:Class,,,,,,,,x-ray microscopy-based techniques,optical microscopy-based techniques,,,,,,,,
1315,http://purl.org/pan-science/PaNET/PaNET01315,cryo x-ray microscopy-based techniques,,,,,owl:Class,x-ray microscopy-based techniques,,,,,,,,,,,,,,,,
1316,http://purl.org/pan-science/PaNET/PaNET01316,grazing incidence wide angle x-ray scattering,GIWAXS,,,,owl:Class,,,,,,,,wide angle x-ray scattering,PaNET:PaNET01098,,,,,,,,
1317,http://purl.org/pan-science/PaNET/PaNET01317,high resolution angle resolved photoemission spectroscopy,HR-ARPES,,,,owl:Class,,,,,,,,angle resolved photoemission spectroscopy,high resolution photoelectron spectroscopy,,,,,,,,
1318,http://purl.org/pan-science/PaNET/PaNET01318,atomic force microscopy,AFM,,,https://en.wikipedia.org/wiki/Atomic_force_microscopy,owl:Class,,,,,,,,PaNET:PaNET00103,PaNET:PaNET00210,(PaNET:PaNET00104 and 'microscopy-based techniques'),,,,,,,
1319,http://purl.org/pan-science/PaNET/PaNET01319,atomic force microscope infrared spectroscopy,AFM-IR,,,https://en.wikipedia.org/wiki/AFM-IR,owl:Class,,,,,,,,atomic force microscopy,infrared spectroscopy-based techniques,,,,,,,,
1320,http://purl.org/pan-science/PaNET/PaNET01320,fourier transform infrared spectroscopy,FTIR,,,https://en.wikipedia.org/wiki/Fourier-transform_infrared_spectroscopy,owl:Class,infrared spectroscopy-based techniques,interferometry-based techniques,,,,,,,,,,,,,,,
1321,http://purl.org/pan-science/PaNET/PaNET01321,energy dispersive extended x-ray absorption fine structure,EDE,ED-EXAFS,,,owl:Class,,,,,,,,energy dispersive x-ray spectroscopy,extended x-ray absorption fine structure,,,,,,,,
1322,http://purl.org/pan-science/PaNET/PaNET01322,microfocus x-ray absorption spectroscopy,,,,,owl:Class,,,,,,,,PaNET:PaNET00106,x-ray absorption spectroscopy,,,,,,,,
1323,http://purl.org/pan-science/PaNET/PaNET01323,radiotherapy-based techniques,radiation therapy,,,https://en.wikipedia.org/wiki/Radiation_therapy,owl:Class,,,,,,,,('supports' some PaNET:PaNET2020082),,,,,,,,,
1324,http://purl.org/pan-science/PaNET/PaNET01324,surface crystallography-based techniques,obtain surface atomic structure,,,,owl:Class,,,,,,,,('supports' some PaNET:PaNET2020083),,,,,,,,,
1325,http://purl.org/pan-science/PaNET/PaNET01325,borrmann effect,,,,https://en.wikipedia.org/wiki/Borrmann_effect,owl:Class,x-ray standing wave,single crystal diffraction-based techniques,PaNET:PaNET01023,,,,,,,,,,,,,,
1326,http://purl.org/pan-science/PaNET/PaNET01326,birefringence,,,,,owl:Class,,,,,,,,refraction-based techniques,versus photon linear polarization-based techniques,,,,,,,,
1327,http://purl.org/pan-science/PaNET/PaNET01327,x-ray birefringence imaging ,XBI,,,https://en.wikipedia.org/wiki/X-ray_birefringence_imaging,owl:Class,,,,,,,,birefringence,x-ray probe-based techniques,PaNET:PaNET01106,,,,,,,
1328,http://purl.org/pan-science/PaNET/PaNET01328,divergent beam diffraction-based techniques,,,,,owl:Class,PaNET:PaNET01022,,,,,,,('definedbyprocess' some PaNET:PaNET2020084),,,,,,,,,
1329,http://purl.org/pan-science/PaNET/PaNET01329,kossel lines-based techniques,,,,,owl:Class,,,,,,,,PaNET:PaNET01328,PaNET:PaNET01177,,,,,,,,
1330,http://purl.org/pan-science/PaNET/PaNET01330,diffuse multiple scattering-based techniques,,,,,owl:Class,,,,,,,,PaNET:PaNET01328,PaNET:PaNET01021,,,,,,,,
1331,http://purl.org/pan-science/PaNET/PaNET01331,MHz x-ray microscopy-based techniques,,,X-ray microscopy that operates on time scales less than one microsecond with femtosecond illumination,https://doi.org/10.1364/OPTICA.6.001106,owl:Class,,,,,,,,x-ray microscopy-based techniques,hard x-ray probe-based techniques,('versus time ultrafast-based techniques' and PaNET:PaNET00105 and 'single shot-based techniques'),,,,,,,
1332,http://purl.org/pan-science/PaNET/PaNET01332,x-ray propagation phase contrast tomography,,,,,owl:Class,propagation phase contrast tomography-based techniques,x-ray probe-based techniques,,,,,,,,,,,,,,,
1333,http://purl.org/pan-science/PaNET/PaNET01333,x-ray propagation phase contrast microtomography,PPC-SrμCT,,,,owl:Class,x-ray propagation phase contrast tomography,,,,,,,,,,,,,,,,
1334,http://purl.org/pan-science/PaNET/PaNET01334,x-ray phase contrast imaging-based techniques,XPCI,,Phase contrast imaging conducted with x-rays,https://en.wikipedia.org/wiki/Phase-contrast_imaging,owl:Class,,,,,,,,PaNET:PaNET01116,PaNET:PaNET01012,,,,,,,,
,,,,,,,,,,,,,,,,,,,,,,,,
,,,,,,,,,,,,,,,,,,,,,,,,
2000000,http://purl.org/pan-science/PaNET/PaNET2000000,photon and neutron specifiers,,,,,,,,,,,,,,,,,,,,,,
2001000,http://purl.org/pan-science/PaNET/PaNET2001000,probe,,,Types of experimental probes,,owl:Class,photon and neutron specifiers,,,,,,,,,,,,,,,,
2002000,http://purl.org/pan-science/PaNET/PaNET2002000,purpose,,,Types of purposes,,owl:Class,photon and neutron specifiers,,,,,,,,,,,,,,,,
2003000,http://purl.org/pan-science/PaNET/PaNET2003000,process,,,Types of experimental physical processes,,owl:Class,photon and neutron specifiers,,,,,,,,,,,,,,,,
2004000,http://purl.org/pan-science/PaNET/PaNET2004000,functional dependence,,,Types of functional dependences,,owl:Class,photon and neutron specifiers,,,,,,,,,,,,,,,,
2005000,http://purl.org/pan-science/PaNET/PaNET2005000,beam characteristic,,,Types of beam characteristics,,owl:Class,photon and neutron specifiers,,,,,,,,,,,,,,,,
,,,,,,,,,,,,,,,,,,,,,,,,
2011000,http://purl.org/pan-science/PaNET/PaNET2011000,photon,,,Photon probes,,owl:Class,probe,,,,,,,,,,,,,,,,
2011001,http://purl.org/pan-science/PaNET/PaNET2011001,neutron,,,Neutron probes,,owl:Class,probe,,,,,,,,,,,,,,,,
2011002,http://purl.org/pan-science/PaNET/PaNET2011002,muon,,,Muon probes,,owl:Class,probe,,,,,,,,,,,,,,,,
2011003,http://purl.org/pan-science/PaNET/PaNET2011003,solid probe,,,Solid probes,,owl:Class,probe,,,,,,,,,,,,,,,,
2011007,http://purl.org/pan-science/PaNET/PaNET2011007,positron,,,Positron probes,,owl:Class,probe,,,,,,,,,,,,,,,,
,,,,,,,,,,,,,,,,,,,,,,,,
2011004,http://purl.org/pan-science/PaNET/PaNET2011004,scanning probe,,,Scanning probes,,owl:Class,beam characteristic,,,,,,,,,,,,,,,,
2011005,http://purl.org/pan-science/PaNET/PaNET2011005,pulsed probe,,,Pulsed probes,,owl:Class,beam characteristic,,,,,,,,,,,,,,,,
2011006,http://purl.org/pan-science/PaNET/PaNET2011006,microfocused probe,,,using a beam with dimensions in the micrometre range;may or may not result in a map (2D); see obtain high resolution map,,owl:Class,beam characteristic,,,,,,,,,,,,,,,,
,,,,,,,,,,,,,,,,,,,,,,,,
2012000,http://purl.org/pan-science/PaNET/PaNET2012000,scattering,,,,,owl:Class,process,,,,,,,,,,,,,,,,
2012001,http://purl.org/pan-science/PaNET/PaNET2012001,emission,,,,,owl:Class,process,,,,,,,,,,,,,,,,
2012002,http://purl.org/pan-science/PaNET/PaNET2012002,absorption,,,,,owl:Class,process,,,,,,,,,,,,,,,,
2012003,http://purl.org/pan-science/PaNET/PaNET2012003,propagation,,,,,owl:Class,process,,,,,,,,,,,,,,,,
2012004,http://purl.org/pan-science/PaNET/PaNET2012004,refraction,,,,,owl:Class,process,,,,,,,,,,,,,,,,
2012005,http://purl.org/pan-science/PaNET/PaNET2012005,reflection,,,,,owl:Class,process,,,,,,,,,,,,,,,,
2012006,http://purl.org/pan-science/PaNET/PaNET2012006,resonance phenomenon,,,,,owl:Class,process,,,,,,,,,,,,,,,,
2012007,http://purl.org/pan-science/PaNET/PaNET2012007,dispersion,,,,,owl:Class,process,,,,,,,,,,,,,,,,
2012008,http://purl.org/pan-science/PaNET/PaNET2012008,interferometry,,,,,owl:Class,process,,,,,,,,,,,,,,,,
2012009,http://purl.org/pan-science/PaNET/PaNET2012009,force measurement,,,,,owl:Class,process,,,,,,,,,,,,,,,,
2012010,http://purl.org/pan-science/PaNET/PaNET2012010,nonlinear interaction,,,,,owl:Class,process,,,,,,,,,,,,,,,,
,,,,,,,,,,,,,,,,,,,,,,,,
2013000,http://purl.org/pan-science/PaNET/PaNET2013000,energy,,,,,owl:Class,functional dependence,,,,,,,,,,,,,,,,
2013001,http://purl.org/pan-science/PaNET/PaNET2013001,momentum transfer,,,,,owl:Class,functional dependence,,,,,,,,,,,,,,,,
2013002,http://purl.org/pan-science/PaNET/PaNET2013002,polarization,,,,,owl:Class,functional dependence,,,,,,,,,,,,,,,,
2013003,http://purl.org/pan-science/PaNET/PaNET2013003,position,,,,,owl:Class,functional dependence,,,,,,,,,,,,,,,,
2013004,http://purl.org/pan-science/PaNET/PaNET2013004,time,,,,,owl:Class,functional dependence,,,,,,,,,,,,,,,,
2013005,http://purl.org/pan-science/PaNET/PaNET2013005,emission mass,,,,,owl:Class,functional dependence,,,,,,,,,,,,,,,,
2013006,http://purl.org/pan-science/PaNET/PaNET2013006,sample state,,,,,owl:Class,functional dependence,,,,,,,,,,,,,,,,
,,,,,,,,,,,,,,,,,,,,,,,,
2014000,http://purl.org/pan-science/PaNET/PaNET2014000,obtain atomic structure,,,,,owl:Class,purpose,,,,,,,,,,,,,,,,
2014001,http://purl.org/pan-science/PaNET/PaNET2014001,obtain spatial map,,,,,owl:Class,purpose,,,,,,,,,,,,,,,,
2014002,http://purl.org/pan-science/PaNET/PaNET2014002,obtain electronic ground state properties,,,,,owl:Class,purpose,,,,,,,,,,,,,,,,
2014003,http://purl.org/pan-science/PaNET/PaNET2014003,obtain dynamics,,,,,owl:Class,purpose,,,,,,,,,,,,,,,,
2014004,http://purl.org/pan-science/PaNET/PaNET2014004,therapy,,,,,owl:Class,purpose,,,,,,,,,,,,,,,,
2014005,http://purl.org/pan-science/PaNET/PaNET2014005,drug fragment binding,,,,,owl:Class,purpose,,,,,,,,,,,,,,,,
2014006,http://purl.org/pan-science/PaNET/PaNET2014006,obtain internal field,,,,,owl:Class,purpose,,,,,,,,,,,,,,,,
2014007,http://purl.org/pan-science/PaNET/PaNET2014007,characterize excitations,,,,,owl:Class,purpose,,,,,,,,,,,,,,,,
2014008,http://purl.org/pan-science/PaNET/PaNET2014008,manufacturing,,,,,owl:Class,purpose,,,,,,,,,,,,,,,,
2014009,http://purl.org/pan-science/PaNET/PaNET2014009,testing,,,,,owl:Class,purpose,,,,,,,,,,,,,,,,
2014010,http://purl.org/pan-science/PaNET/PaNET2014010,medical application,,,,,owl:Class,purpose,,,,,,,,,,,,,,,,
2014011,http://purl.org/pan-science/PaNET/PaNET2014011,chiral determination,,,,,owl:Class,purpose,,,,,,,,,,,,,,,,
2014012,http://purl.org/pan-science/PaNET/PaNET2014012,magnetism study,,,,,owl:Class,purpose,,,,,,,,,,,,,,,,
,,,,,,,,,,,,,,,,,,,,,,,,
2020000,http://purl.org/pan-science/PaNET/PaNET2020000,ultrafast probe,,,,,owl:Class,PaNET:PaNET2011005,,,,,,,,,,,,,,,,
2020001,http://purl.org/pan-science/PaNET/PaNET2020001,nanofocused probe,,,using a beam with dimensions in the nanometre range;may or may not result in a map (2D); see obtain ultra high resolution map,,owl:Class,PaNET:PaNET2011006,,,,,,,,,,,,,,,,
2020002,http://purl.org/pan-science/PaNET/PaNET2020002,IR photon,infrared photon,,,,owl:Class,photon,,,,,,,,,,,,,,,,
2020003,http://purl.org/pan-science/PaNET/PaNET2020003,THz photon,,,,,owl:Class,IR photon,,,,,,,,,,,,,,,,
2020004,http://purl.org/pan-science/PaNET/PaNET2020004,UV visible photon,ultra violet and visible photon,UV vis photon,,,owl:Class,photon,,,,,,,,,,,,,,,,
2020005,http://purl.org/pan-science/PaNET/PaNET2020005,visible photon,,,,,owl:Class,UV visible photon,,,,,,,,,,,,,,,,
2020006,http://purl.org/pan-science/PaNET/PaNET2020006,UV photon,ultra violet photon,,,,owl:Class,UV visible photon,,,,,,,,,,,,,,,,
2020007,http://purl.org/pan-science/PaNET/PaNET2020007,VUV photon,vacuum ultra violet photon,,,,owl:Class,UV photon,,,,,,,,,,,,,,,,
2020008,http://purl.org/pan-science/PaNET/PaNET2020008,EUV photon,extreme ultra violet photon,,,,owl:Class,VUV photon,,,,,,,,,,,,,,,,
2020009,http://purl.org/pan-science/PaNET/PaNET2020009,x-ray,Röntgen radiation,,,,owl:Class,photon,,,,,,,,,,,,,,,,
2020010,http://purl.org/pan-science/PaNET/PaNET2020010,hard x-ray,,,,,owl:Class,x-ray,,,,,,,,,,,,,,,,
2020011,http://purl.org/pan-science/PaNET/PaNET2020011,tender x-ray,,,,,owl:Class,x-ray,,,,,,,,,,,,,,,,
2020012,http://purl.org/pan-science/PaNET/PaNET2020012,soft x-ray,,,,,owl:Class,x-ray,,,,,,,,,,,,,,,,
2020013,http://purl.org/pan-science/PaNET/PaNET2020013,thermal neutron beam,,,,,owl:Class,neutron,,,,,,,,,,,,,,,,
2020014,http://purl.org/pan-science/PaNET/PaNET2020014,cold neutron beam,,,,,owl:Class,thermal neutron beam,,,,,,,,,,,,,,,,
2020015,http://purl.org/pan-science/PaNET/PaNET2020015,monochromatic neutron beam,,,,,owl:Class,neutron,,,,,,,,,,,,,,,,
2020016,http://purl.org/pan-science/PaNET/PaNET2020016,elastic scattering,,,,,owl:Class,scattering,,,,,,,,,,,,,,,,
2020017,http://purl.org/pan-science/PaNET/PaNET2020017,diffuse scattering,,,,,owl:Class,scattering,,,,,,,,,,,,,,,,
2020018,http://purl.org/pan-science/PaNET/PaNET2020018,diffraction,,,,,owl:Class,PaNET:PaNET2020016,,,,,,,,,,,,,,,,
2020019,http://purl.org/pan-science/PaNET/PaNET2020019,dynamical diffraction,,,,,owl:Class,PaNET:PaNET2020018,,,,,,,,,,,,,,,,
2020020,http://purl.org/pan-science/PaNET/PaNET2020020,coherent diffraction,,,,,owl:Class,PaNET:PaNET2020018,,,,,,,,,,,,,,,,
2020021,http://purl.org/pan-science/PaNET/PaNET2020021,reference beam,,,,,owl:Class,process,,,,,,,,,,,,,,,,
2020022,http://purl.org/pan-science/PaNET/PaNET2020022,incoherent scattering,,,,,owl:Class,scattering,,,,,,,,,,,,,,,,
2020023,http://purl.org/pan-science/PaNET/PaNET2020023,inelastic scattering,,,,,owl:Class,PaNET:PaNET2020022,,,,,,,,,,PaNET:PaNET2020016,,,,,,
2020024,http://purl.org/pan-science/PaNET/PaNET2020024,quasielastic scattering,,,,,owl:Class,PaNET:PaNET2020023,,,,,,,,,,,,,,,,
2020025,http://purl.org/pan-science/PaNET/PaNET2020025,high momentum transfer scattering,,,,,owl:Class,scattering,,,,,,,,,,,,,,,,
2020026,http://purl.org/pan-science/PaNET/PaNET2020026,low momentum transfer scattering,,,,,owl:Class,scattering,,,,,,,,,,,,,,,,
2020027,http://purl.org/pan-science/PaNET/PaNET2020027,ultra low momentum transfer scattering,,,,,owl:Class,PaNET:PaNET2020026,,,,,,,,,,,,,,,,
2020028,http://purl.org/pan-science/PaNET/PaNET2020028,low surface momentum transfer scattering,,,,,owl:Class,scattering,,,,,,,,,,,,,,,,
2020029,http://purl.org/pan-science/PaNET/PaNET2020029,coherent emission,,,,,owl:Class,emission,,,,,,,,,,,,,,,,
2020030,http://purl.org/pan-science/PaNET/PaNET2020030,photon emission,,,,,owl:Class,emission,,,,,,,,,,,,,,,,
2020031,http://purl.org/pan-science/PaNET/PaNET2020031,visible photon emission,,,,,owl:Class,photon emission,,,,,,,,,,,,,,,,
2020032,http://purl.org/pan-science/PaNET/PaNET2020032,x-ray emission,,,,,owl:Class,photon emission,,,,,,,,,,,,,,,,
2020033,http://purl.org/pan-science/PaNET/PaNET2020033,gamma-ray emission,,,,,owl:Class,photon emission,,,,,,,,,,,,,,,,
2020034,http://purl.org/pan-science/PaNET/PaNET2020034,electron emission,,,,,owl:Class,emission,,,,,,,,,,,,,,,,
2020035,http://purl.org/pan-science/PaNET/PaNET2020035,ion emission,,,,,owl:Class,emission,,,,,,,,,,,,,,,,
2020036,http://purl.org/pan-science/PaNET/PaNET2020036,nuclear resonance,,,,,owl:Class,PaNET:PaNET2012006,,,,,,,,,,,,,,,,
2020037,http://purl.org/pan-science/PaNET/PaNET2020037,muon spin resonance,,,,,owl:Class,PaNET:PaNET2012006,,,,,,,,,,,,,,,,
2020038,http://purl.org/pan-science/PaNET/PaNET2020038,spin echo,,,,,owl:Class,PaNET:PaNET2012006,,,,,,,,,,,,,,,,
2020039,http://purl.org/pan-science/PaNET/PaNET2020039,electronic excitation,,,,,owl:Class,PaNET:PaNET2012006,,,,,,,,,,,,,,,,
2020040,http://purl.org/pan-science/PaNET/PaNET2020040,atomic core excitation,,,,,owl:Class,PaNET:PaNET2020039,,,,,,,,,,,,,,,,
2020041,http://purl.org/pan-science/PaNET/PaNET2020041,photo excitation,,,,,owl:Class,PaNET:PaNET2020039,,,,,,,,,,,,,,,,
2020042,http://purl.org/pan-science/PaNET/PaNET2020042,incident energy,,,,,owl:Class,energy,,,,,,,,,,,,,,,,
2020043,http://purl.org/pan-science/PaNET/PaNET2020043,emitted energy,,,,,owl:Class,energy,,,,,,,,,,,,,,,,
2020044,http://purl.org/pan-science/PaNET/PaNET2020044,emission momentum,,,,,owl:Class,emitted energy,,,,,,,,,,,,,,,,
2020045,http://purl.org/pan-science/PaNET/PaNET2020045,energy loss,,,,,owl:Class,energy,,,,,,,,,,,,,,,,
2020046,http://purl.org/pan-science/PaNET/PaNET2020046,emitted polarization,,,,,owl:Class,polarization,,,,,,,,,,,,,,,,
2020047,http://purl.org/pan-science/PaNET/PaNET2020047,sample temperature,,,,,owl:Class,sample state,,,,,,,,,,,,,,,,
2020048,http://purl.org/pan-science/PaNET/PaNET2020048,sample pressure,,,,,owl:Class,sample state,,,,,,,,,,,,,,,,
2020049,http://purl.org/pan-science/PaNET/PaNET2020049,sample magnetic field,,,,,owl:Class,sample state,,,,,,,,,,,,,,,,
2020050,http://purl.org/pan-science/PaNET/PaNET2020050,sample electric field,,,,,owl:Class,sample state,,,,,,,,,,,,,,,,
2020051,http://purl.org/pan-science/PaNET/PaNET2020051,obtain high resolution spatial map,,,creating a map with micrometre resolution; may or may not originate from a microfocused beam,,owl:Class,PaNET:PaNET2014001,,,,,,,,,,,,,,,,
2020052,http://purl.org/pan-science/PaNET/PaNET2020052,obtain 3D spatial map,,,,,owl:Class,PaNET:PaNET2014001,,,,,,,,,,,,,,,,
2020053,http://purl.org/pan-science/PaNET/PaNET2020053,obtain electronic density of states,,,,,owl:Class,PaNET:PaNET2014002,,,,,,,,,,,,,,,,
2020054,http://purl.org/pan-science/PaNET/PaNET2020054,obtain electronic density of occupied states,,,,,owl:Class,PaNET:PaNET2020053,,,,,,,,,,,,,,,,
2020055,http://purl.org/pan-science/PaNET/PaNET2020055,obtain electronic density of unoccupied states,,,,,owl:Class,PaNET:PaNET2020053,,,,,,,,,,,,,,,,
2020056,http://purl.org/pan-science/PaNET/PaNET2020056,obtain electronic band structure,,,,,owl:Class,PaNET:PaNET2014002,,,,,,,,,,,,,,,,
2020057,http://purl.org/pan-science/PaNET/PaNET2020057,obtain atomic tensor properties,,,,,owl:Class,PaNET:PaNET2014002,,,,,,,,,,,,,,,,
2020058,http://purl.org/pan-science/PaNET/PaNET2020058,obtain magnetic vector,,,,,owl:Class,PaNET:PaNET2020057,,,,,,,,,,,,,,,,
2020059,http://purl.org/pan-science/PaNET/PaNET2020059,obtain charge quadrupole,,,,,owl:Class,PaNET:PaNET2020057,,,,,,,,,,,,,,,,
2020060,http://purl.org/pan-science/PaNET/PaNET2020060,obtain atomic magnetic structure,,,,,owl:Class,PaNET:PaNET2014002,,,,,,,,,,,,,,,,
2020061,http://purl.org/pan-science/PaNET/PaNET2020061,obtain charge density,,,,,owl:Class,PaNET:PaNET2014002,,,,,,,,,,,,,,,,
2020062,http://purl.org/pan-science/PaNET/PaNET2020062,obtain magnetic density,,,,,owl:Class,PaNET:PaNET2014002,,,,,,,,,,,,,,,,
2020063,http://purl.org/pan-science/PaNET/PaNET2020063,crystallographic study,,,,,owl:Class,PaNET:PaNET2014000,,,,,,,,,,,,,,,,
2020064,http://purl.org/pan-science/PaNET/PaNET2020064,obtain local coordination,,,,,owl:Class,PaNET:PaNET2014000,,,,,,,,,,,,,,,,
2020065,http://purl.org/pan-science/PaNET/PaNET2020065,characterize electronic excitations,,,,,owl:Class,characterize excitations,,,,,,,,,,,,,,,,
2020066,http://purl.org/pan-science/PaNET/PaNET2020066,characterize magnetic excitations,,,,,owl:Class,PaNET:PaNET2020065,,,,,,,,,,,,,,,,
2020067,http://purl.org/pan-science/PaNET/PaNET2020067,characterize lattice excitations,,,,,owl:Class,characterize excitations,,,,,,,,,,,,,,,,
2020068,http://purl.org/pan-science/PaNET/PaNET2020068,fluorescence luminescence,,,,,owl:Class,visible photon emission,,,,,,,,,,,,,,,,
2020069,http://purl.org/pan-science/PaNET/PaNET2020069,grazing incidence diffraction,,,,,owl:Class,PaNET:PaNET2020028,,,,,,,,,,,,,,,,
2020070,http://purl.org/pan-science/PaNET/PaNET2020070,imaging,,,,,owl:Class,,,,,,,,,,PaNET:PaNET2014001,,,,,,,
2020071,http://purl.org/pan-science/PaNET/PaNET2020071,luminescence,,,,,owl:Class,visible photon emission,,,,,,,,,,,,,,,,
2020072,http://purl.org/pan-science/PaNET/PaNET2020072,small angle scattering,,,,,owl:Class,PaNET:PaNET2020026,,,,,,,,,,,,,,,,
2020073,http://purl.org/pan-science/PaNET/PaNET2020073,wide angle scattering,,,,,owl:Class,PaNET:PaNET2020025,,,,,,,,,,,,,,,,
2020074,http://purl.org/pan-science/PaNET/PaNET2020074,x-ray fluorescence,,,,,owl:Class,x-ray emission,,,,,,,,,,,,,,,,
2020075,http://purl.org/pan-science/PaNET/PaNET2020075,instrumentation testing,,,,,owl:Class,PaNET:PaNET2014009,,,,,,,,,,,,,,,,
2020076,http://purl.org/pan-science/PaNET/PaNET2020076,optics characterization,,,,,owl:Class,PaNET:PaNET2020075,,,,,,,,,,,,,,,,
2020077,http://purl.org/pan-science/PaNET/PaNET2020077,lithography,,,,,owl:Class,manufacturing,,,,,,,,,,,,,,,,
2020078,http://purl.org/pan-science/PaNET/PaNET2020078,nonresonant diffraction,,,,,owl:Class,PaNET:PaNET2020018,,,,,,,,,,,,,,,,
2020079,http://purl.org/pan-science/PaNET/PaNET2020079,nanoimprint lithography,,,,,owl:Class,PaNET:PaNET2020077,,,,,,,,,,,,,,,,
2020080,http://purl.org/pan-science/PaNET/PaNET2020080,grayscale lithography,,,,,owl:Class,PaNET:PaNET2020077,,,,,,,,,,,,,,,,
2020081,http://purl.org/pan-science/PaNET/PaNET2020081,polymer micro- and nanografting,,,"create micro- or nanostructures by radiation-induced bond breaking in a polymer substrates, which initiates grafting via thermal decomposition of formed (hydro)peroxides in a controlled, degassed monomer environment (radiation grafting)",doi:10.1016/B978-0-323-35322-9.00002-4,owl:Class,manufacturing,,,,,,,,,,,,,,,,
2020082,http://purl.org/pan-science/PaNET/PaNET2020082,radiotherapy,,,,,owl:Class,PaNET:PaNET2014004,,,,,,,,,,,,,,,,
2020083,http://purl.org/pan-science/PaNET/PaNET2020083,surface crystallography,,,,,owl:Class,PaNET:PaNET2014000,,,,,,,,,,,,,,,,
2020084,http://purl.org/pan-science/PaNET/PaNET2020084,divergent beam diffraction,,,,,owl:Class,PaNET:PaNET2020018,,,,,,,,,,,,,,,,
,,,,,,,,,,,,,,,,,,,,,,,,
1000000,http://purl.org/pan-science/PaNET/PaNET1000000,photon and neutron technique relationships,,,,,owl:ObjectProperty,,,,,,,,,,,,,,,owl:Thing,photon and neutron specifiers,asymmetric|irreflexive
1001000,http://purl.org/pan-science/PaNET/PaNET1001000,definedbyprobe,,,,,owl:ObjectProperty,,,,,,,,,,,,,,photon and neutron technique relationships,owl:Thing,probe,asymmetric|irreflexive
1002000,http://purl.org/pan-science/PaNET/PaNET1002000,definedbyprocess,,,,,owl:ObjectProperty,,,,,,,,,,,,,,photon and neutron technique relationships,photon and neutron technique,process,asymmetric|irreflexive
1003000,http://purl.org/pan-science/PaNET/PaNET1003000,definedbydependence,,,,,owl:ObjectProperty,,,,,,,,,,,,,,photon and neutron technique relationships,photon and neutron technique,functional dependence,asymmetric|irreflexive
1004000,http://purl.org/pan-science/PaNET/PaNET1004000,supports,,,,,owl:ObjectProperty,,,,,,,,,,,,,,photon and neutron technique relationships,photon and neutron technique,purpose,asymmetric|irreflexive
1005000,http://purl.org/pan-science/PaNET/PaNET1005000,definedbycharacteristic,,,,,owl:ObjectProperty,,,,,,,,,,,,,,photon and neutron technique relationships,photon and neutron technique,beam characteristic,asymmetric|irreflexive
